entry_utc,event_slug,city,target_date,lead_days,side,bucket,ask,shares,stake,fee,model_median_c,pm_top_bucket,status,payout,pnl,settle_utc,nhom
2026-07-16T07:56:34Z,highest-temperature-in-qingdao-on-july-18-2026,qingdao,2026-07-18,2,NO,30°C,0.74,13.51,10.0,0.13,30.3,29°C,won,13.51,3.38,2026-07-19T08:24:41Z,goc
2026-07-16T07:56:34Z,highest-temperature-in-shanghai-on-july-17-2026,shanghai,2026-07-17,1,NO,37°C,0.72,13.89,10.0,0.14,37.1,38°C,won,13.89,3.75,2026-07-18T07:11:09Z,goc
2026-07-16T07:56:34Z,highest-temperature-in-manila-on-july-17-2026,manila,2026-07-17,1,NO,32°C,0.72,13.89,10.0,0.14,31.5,33°C,lost,0.0,-10.14,2026-07-18T07:11:09Z,goc
2026-07-16T07:56:34Z,highest-temperature-in-dallas-on-july-17-2026,dallas,2026-07-17,1,NO,94-95°F,0.73,13.7,10.0,0.135,34.2,92-93°F,lost,0.0,-10.13,2026-07-18T07:11:09Z,goc
2026-07-16T07:56:34Z,highest-temperature-in-austin-on-july-17-2026,austin,2026-07-17,1,NO,92-93°F,0.71,14.08,10.0,0.145,33.9,90-91°F,won,14.08,3.94,2026-07-18T07:11:09Z,goc
2026-07-16T07:56:34Z,highest-temperature-in-milan-on-july-18-2026,milan,2026-07-18,2,NO,34°C,0.74,13.51,10.0,0.13,33.5,33°C,lost,0.0,-10.13,2026-07-19T08:24:41Z,goc
2026-07-16T09:44:29Z,highest-temperature-in-paris-on-july-18-2026,paris,2026-07-18,2,NO,29°C,0.73,13.7,10.0,0.135,28.8,28°C,lost,0.0,-10.13,2026-07-19T08:24:41Z,mo_rong
2026-07-16T09:44:29Z,highest-temperature-in-munich-on-july-17-2026,munich,2026-07-17,1,NO,28°C,0.688,14.53,10.0,0.1559,27.9,27°C,won,14.53,4.37,2026-07-18T07:11:09Z,mo_rong
2026-07-16T09:44:29Z,highest-temperature-in-karachi-on-july-18-2026,karachi,2026-07-18,2,NO,32°C,0.69,14.49,10.0,0.155,31.8,33°C,won,14.49,4.33,2026-07-19T08:24:41Z,mo_rong
2026-07-16T09:44:29Z,highest-temperature-in-wuhan-on-july-17-2026,wuhan,2026-07-17,1,NO,36°C,0.66,15.15,10.0,0.17,35.8,37°C,won,15.15,4.98,2026-07-18T07:11:09Z,mo_rong
2026-07-16T09:44:29Z,highest-temperature-in-jeddah-on-july-17-2026,jeddah,2026-07-17,1,NO,37°C,0.66,15.15,10.0,0.17,37.4,38°C,won,15.15,4.98,2026-07-18T07:11:09Z,mo_rong
2026-07-16T09:44:29Z,highest-temperature-in-denver-on-july-17-2026,denver,2026-07-17,1,NO,94-95°F,0.65,15.38,10.0,0.1749,34.7,92-93°F,won,15.38,5.21,2026-07-18T15:33:39Z,mo_rong
2026-07-16T09:44:29Z,highest-temperature-in-miami-on-july-17-2026,miami,2026-07-17,1,NO,92-93°F,0.67,14.93,10.0,0.1651,33.4,94-95°F,lost,0.0,-10.17,2026-07-18T07:11:09Z,mo_rong
2026-07-17T07:42:56Z,highest-temperature-in-shenzhen-on-july-18-2026,shenzhen,2026-07-18,1,NO,32°C,0.74,13.51,10.0,0.13,31.8,31°C,won,13.51,3.38,2026-07-19T08:24:41Z,goc
2026-07-17T07:42:56Z,highest-temperature-in-chicago-on-july-18-2026,chicago,2026-07-18,1,NO,90-91°F,0.72,13.89,10.0,0.14,32.6,88-89°F,lost,0.0,-10.14,2026-07-19T08:24:41Z,goc
2026-07-17T07:42:56Z,highest-temperature-in-tokyo-on-july-18-2026,tokyo,2026-07-18,1,NO,31°C,0.72,13.89,10.0,0.14,30.9,30°C,won,13.89,3.75,2026-07-19T08:24:41Z,goc
2026-07-17T07:42:56Z,highest-temperature-in-austin-on-july-18-2026,austin,2026-07-18,1,NO,94-95°F,0.71,14.08,10.0,0.145,34.7,92-93°F,lost,0.0,-10.14,2026-07-19T08:24:41Z,goc
2026-07-17T07:42:56Z,highest-temperature-in-los-angeles-on-july-18-2026,los-angeles,2026-07-18,1,NO,78-79°F,0.7,14.29,10.0,0.15,26.0,76-77°F,lost,0.0,-10.15,2026-07-19T08:24:41Z,mo_rong
2026-07-17T07:42:56Z,highest-temperature-in-moscow-on-july-18-2026,moscow,2026-07-18,1,NO,25°C,0.7,14.29,10.0,0.15,24.7,26°C,won,14.29,4.14,2026-07-19T08:24:41Z,mo_rong
2026-07-17T07:42:56Z,highest-temperature-in-milan-on-july-19-2026,milan,2026-07-19,2,NO,32°C,0.69,14.49,10.0,0.155,32.1,31°C,lost,0.0,-10.15,2026-07-20T06:37:36Z,mo_rong
2026-07-17T07:42:56Z,highest-temperature-in-london-on-july-19-2026,london,2026-07-19,2,NO,24°C,0.69,14.49,10.0,0.155,23.5,23°C,won,14.49,4.33,2026-07-20T06:37:36Z,mo_rong
2026-07-17T07:42:56Z,highest-temperature-in-busan-on-july-18-2026,busan,2026-07-18,1,NO,30°C,0.68,14.71,10.0,0.16,30.5,31°C,lost,0.0,-10.16,2026-07-19T08:24:41Z,mo_rong
2026-07-17T07:42:56Z,highest-temperature-in-tokyo-on-july-19-2026,tokyo,2026-07-19,2,NO,31°C,0.68,14.71,10.0,0.16,31.1,32°C,won,14.71,4.55,2026-07-20T06:37:36Z,mo_rong
2026-07-17T09:19:37Z,highest-temperature-in-wellington-on-july-19-2026,wellington,2026-07-19,2,NO,13°C,0.67,14.93,10.0,0.1651,13.2,14°C,lost,0.0,-10.17,2026-07-20T06:37:36Z,mo_rong
2026-07-18T07:11:09Z,highest-temperature-in-lucknow-on-july-19-2026,lucknow,2026-07-19,1,NO,30°C,0.74,13.51,10.0,0.13,30.2,29°C,won,13.51,3.38,2026-07-20T06:37:36Z,goc
2026-07-18T07:11:09Z,highest-temperature-in-toronto-on-july-19-2026,toronto,2026-07-19,1,NO,24°C,0.73,13.7,10.0,0.135,24.2,25°C,won,13.7,3.56,2026-07-20T06:37:36Z,goc
2026-07-18T07:11:09Z,highest-temperature-in-wellington-on-july-20-2026,wellington,2026-07-20,2,NO,11°C,0.74,13.51,10.0,0.13,11.1,12°C,won,13.51,3.38,2026-07-21T09:44:02Z,goc
2026-07-18T07:11:09Z,highest-temperature-in-busan-on-july-20-2026,busan,2026-07-20,2,NO,31°C,0.74,13.51,10.0,0.13,31.1,32°C,won,13.51,3.38,2026-07-21T09:44:02Z,goc
2026-07-18T07:11:09Z,highest-temperature-in-denver-on-july-19-2026,denver,2026-07-19,1,NO,98-99°F,0.71,14.08,10.0,0.145,37.1,96-97°F,lost,0.0,-10.14,2026-07-20T10:35:56Z,mo_rong
2026-07-18T07:11:09Z,highest-temperature-in-munich-on-july-19-2026,munich,2026-07-19,1,NO,21°C,0.68,14.71,10.0,0.16,21.3,22°C,won,14.71,4.55,2026-07-20T06:37:36Z,mo_rong
2026-07-18T07:11:09Z,highest-temperature-in-helsinki-on-july-19-2026,helsinki,2026-07-19,1,NO,19°C,0.68,14.71,10.0,0.16,19.3,20°C,won,14.71,4.55,2026-07-20T06:37:36Z,mo_rong
2026-07-18T07:11:09Z,highest-temperature-in-karachi-on-july-20-2026,karachi,2026-07-20,2,NO,32°C,0.67,14.93,10.0,0.1651,31.7,33°C,won,14.93,4.76,2026-07-21T09:44:02Z,mo_rong
2026-07-18T07:11:09Z,highest-temperature-in-miami-on-july-19-2026,miami,2026-07-19,1,NO,90-91°F,0.66,15.15,10.0,0.17,32.4,92-93°F,lost,0.0,-10.17,2026-07-20T06:37:36Z,mo_rong
2026-07-18T07:11:09Z,highest-temperature-in-madrid-on-july-20-2026,madrid,2026-07-20,2,NO,36°C,0.65,15.38,10.0,0.1749,36.3,37°C,lost,0.0,-10.17,2026-07-21T09:44:02Z,mo_rong
2026-07-18T07:12:27Z,highest-temperature-in-warsaw-on-july-20-2026,warsaw,2026-07-20,2,NO,22°C,0.67,14.93,10.0,0.1651,21.6,21°C,won,14.93,4.76,2026-07-21T09:44:02Z,mo_rong
2026-07-18T07:12:27Z,highest-temperature-in-manila-on-july-20-2026,manila,2026-07-20,2,NO,32°C,0.64,15.62,10.0,0.1799,32.2,33°C,won,15.62,5.44,2026-07-21T09:44:02Z,mo_rong
2026-07-18T07:12:27Z,highest-temperature-in-los-angeles-on-july-19-2026,los-angeles,2026-07-19,1,NO,76-77°F,0.64,15.62,10.0,0.1799,25.2,78-79°F,lost,0.0,-10.18,2026-07-20T10:35:56Z,mo_rong
2026-07-18T07:12:27Z,highest-temperature-in-ankara-on-july-20-2026,ankara,2026-07-20,2,NO,34°C,0.57,17.54,10.0,0.215,33.5,35°C,won,17.54,7.32,2026-07-21T09:44:02Z,mo_rong
2026-07-19T08:24:41Z,highest-temperature-in-munich-on-july-20-2026,munich,2026-07-20,1,NO,23°C,0.74,13.51,10.0,0.13,22.6,24°C,lost,0.0,-10.13,2026-07-21T09:44:02Z,goc
2026-07-19T08:24:41Z,highest-temperature-in-shenzhen-on-july-21-2026,shenzhen,2026-07-21,2,NO,30°C,0.74,13.51,10.0,0.13,30.4,31°C,won,13.51,3.38,2026-07-22T09:46:08Z,goc
2026-07-19T08:24:41Z,highest-temperature-in-london-on-july-20-2026,london,2026-07-20,1,NO,24°C,0.74,13.51,10.0,0.13,23.8,23°C,won,13.51,3.38,2026-07-21T09:44:02Z,goc
2026-07-19T08:24:41Z,highest-temperature-in-qingdao-on-july-20-2026,qingdao,2026-07-20,1,NO,28°C,0.74,13.51,10.0,0.13,27.6,29°C,won,13.51,3.38,2026-07-21T09:44:02Z,goc
2026-07-19T08:24:41Z,highest-temperature-in-atlanta-on-july-20-2026,atlanta,2026-07-20,1,NO,94-95°F,0.73,13.7,10.0,0.135,34.4,92-93°F,won,13.7,3.56,2026-07-21T09:44:02Z,goc
2026-07-19T08:24:41Z,highest-temperature-in-helsinki-on-july-21-2026,helsinki,2026-07-21,2,NO,16°C,0.73,13.7,10.0,0.135,15.8,14°C,won,13.7,3.56,2026-07-22T09:46:08Z,goc
2026-07-19T08:24:41Z,highest-temperature-in-guangzhou-on-july-21-2026,guangzhou,2026-07-21,2,NO,31°C,0.73,13.7,10.0,0.135,30.8,32°C,lost,0.0,-10.13,2026-07-22T09:46:08Z,goc
2026-07-19T08:24:41Z,highest-temperature-in-manila-on-july-21-2026,manila,2026-07-21,2,NO,32°C,0.73,13.7,10.0,0.135,31.6,33°C,won,13.7,3.56,2026-07-22T09:46:08Z,goc
2026-07-19T08:24:41Z,highest-temperature-in-ankara-on-july-21-2026,ankara,2026-07-21,2,NO,33°C,0.72,13.89,10.0,0.14,32.9,34°C,lost,0.0,-10.14,2026-07-22T09:46:08Z,goc
2026-07-19T08:24:41Z,highest-temperature-in-dallas-on-july-20-2026,dallas,2026-07-20,1,NO,102-103°F,0.73,13.7,10.0,0.135,39.0,100-101°F,lost,0.0,-10.13,2026-07-21T09:44:02Z,goc
2026-07-19T09:35:08Z,highest-temperature-in-los-angeles-on-july-20-2026,los-angeles,2026-07-20,1,NO,80-81°F,0.73,13.7,10.0,0.135,27.1,78-79°F,lost,0.0,-10.13,2026-07-21T09:44:02Z,goc
2026-07-19T09:35:08Z,highest-temperature-in-milan-on-july-20-2026,milan,2026-07-20,1,NO,31°C,0.71,14.08,10.0,0.145,30.9,30°C,lost,0.0,-10.14,2026-07-21T09:44:02Z,mo_rong
2026-07-19T09:35:08Z,highest-temperature-in-nyc-on-july-20-2026,nyc,2026-07-20,1,NO,82-83°F,0.7,14.29,10.0,0.15,28.1,80-81°F,lost,0.0,-10.15,2026-07-21T09:44:02Z,mo_rong
2026-07-19T09:35:08Z,highest-temperature-in-miami-on-july-20-2026,miami,2026-07-20,1,NO,90-91°F,0.7,14.29,10.0,0.15,32.5,92-93°F,won,14.29,4.14,2026-07-21T09:44:02Z,mo_rong
2026-07-19T09:35:08Z,highest-temperature-in-munich-on-july-21-2026,munich,2026-07-21,2,NO,22°C,0.7,14.29,10.0,0.15,21.6,23°C,won,14.29,4.14,2026-07-22T09:46:08Z,mo_rong
2026-07-19T09:35:08Z,highest-temperature-in-shanghai-on-july-20-2026,shanghai,2026-07-20,1,NO,33°C,0.68,14.71,10.0,0.16,32.9,34°C,won,14.71,4.55,2026-07-21T09:44:02Z,mo_rong
2026-07-19T09:35:08Z,highest-temperature-in-helsinki-on-july-20-2026,helsinki,2026-07-20,1,NO,21°C,0.68,14.71,10.0,0.16,20.6,20°C,lost,0.0,-10.16,2026-07-21T09:44:02Z,mo_rong
2026-07-19T09:35:08Z,highest-temperature-in-cape-town-on-july-20-2026,cape-town,2026-07-20,1,NO,16°C,0.67,14.93,10.0,0.1651,16.5,17°C,lost,0.0,-10.17,2026-07-21T09:44:02Z,mo_rong
2026-07-19T09:35:08Z,highest-temperature-in-buenos-aires-on-july-20-2026,buenos-aires,2026-07-20,1,NO,14°C,0.68,14.71,10.0,0.16,14.0,13°C,won,14.71,4.55,2026-07-21T09:44:02Z,mo_rong
2026-07-19T09:35:08Z,highest-temperature-in-denver-on-july-20-2026,denver,2026-07-20,1,NO,100-101°F,0.64,15.62,10.0,0.1799,38.6,98-99°F,lost,0.0,-10.18,2026-07-21T09:44:02Z,mo_rong
2026-07-19T15:34:38Z,highest-temperature-in-singapore-on-july-21-2026,singapore,2026-07-21,2,NO,31°C,0.64,15.62,10.0,0.1799,31.0,32°C,lost,0.0,-10.18,2026-07-22T09:46:08Z,mo_rong
2026-07-19T15:34:38Z,highest-temperature-in-wellington-on-july-21-2026,wellington,2026-07-21,2,NO,12°C,0.61,16.39,10.0,0.195,11.5,13°C,lost,0.0,-10.2,2026-07-22T09:46:08Z,mo_rong
2026-07-19T15:34:38Z,highest-temperature-in-wuhan-on-july-20-2026,wuhan,2026-07-20,1,NO,33°C,0.59,16.95,10.0,0.205,33.4,>=34°C,lost,0.0,-10.21,2026-07-21T09:44:02Z,mo_rong
2026-07-20T06:37:36Z,highest-temperature-in-beijing-on-july-21-2026,beijing,2026-07-21,1,NO,31°C,0.74,13.51,10.0,0.13,30.8,30°C,won,13.51,3.38,2026-07-22T09:46:08Z,goc
2026-07-20T06:37:36Z,highest-temperature-in-lucknow-on-july-21-2026,lucknow,2026-07-21,1,NO,30°C,0.71,14.08,10.0,0.145,30.2,31°C,won,14.08,3.94,2026-07-22T09:46:08Z,goc
2026-07-20T06:37:36Z,highest-temperature-in-atlanta-on-july-21-2026,atlanta,2026-07-21,1,NO,92-93°F,0.71,14.08,10.0,0.145,33.8,90-91°F,won,14.08,3.94,2026-07-22T09:46:08Z,goc
2026-07-20T06:37:36Z,highest-temperature-in-manila-on-july-22-2026,manila,2026-07-22,2,NO,34°C,0.71,14.08,10.0,0.145,33.5,33°C,won,14.08,3.94,2026-07-23T09:24:13Z,goc
2026-07-20T06:37:36Z,highest-temperature-in-denver-on-july-21-2026,denver,2026-07-21,1,NO,94-95°F,0.7,14.29,10.0,0.15,34.7,92-93°F,won,14.29,4.14,2026-07-22T09:46:08Z,mo_rong
2026-07-20T06:37:36Z,highest-temperature-in-paris-on-july-22-2026,paris,2026-07-22,2,NO,26°C,0.7,14.29,10.0,0.15,25.7,27°C,lost,0.0,-10.15,2026-07-23T09:24:13Z,mo_rong
2026-07-20T06:37:36Z,highest-temperature-in-chengdu-on-july-21-2026,chengdu,2026-07-21,1,NO,39°C,0.69,14.49,10.0,0.155,38.6,40°C,won,14.49,4.33,2026-07-22T09:46:08Z,mo_rong
2026-07-20T06:37:36Z,highest-temperature-in-seattle-on-july-21-2026,seattle,2026-07-21,2,NO,92-93°F,0.7,14.29,10.0,0.15,33.8,90-91°F,lost,0.0,-10.15,2026-07-22T09:46:08Z,mo_rong
2026-07-20T06:37:36Z,highest-temperature-in-busan-on-july-21-2026,busan,2026-07-21,1,NO,31°C,0.68,14.71,10.0,0.16,30.9,32°C,won,14.71,4.55,2026-07-22T09:46:08Z,mo_rong
2026-07-20T06:37:36Z,highest-temperature-in-karachi-on-july-21-2026,karachi,2026-07-21,1,NO,32°C,0.68,14.71,10.0,0.16,32.2,33°C,won,14.71,4.55,2026-07-22T09:46:08Z,mo_rong
2026-07-20T10:35:56Z,highest-temperature-in-cape-town-on-july-22-2026,cape-town,2026-07-22,2,NO,16°C,0.69,14.49,10.0,0.155,15.8,17°C,lost,0.0,-10.15,2026-07-23T09:24:13Z,mo_rong
2026-07-20T10:35:56Z,highest-temperature-in-sao-paulo-on-july-21-2026,sao-paulo,2026-07-21,1,NO,27°C,0.65,15.38,10.0,0.1749,26.6,28°C,won,15.38,5.21,2026-07-22T09:46:08Z,mo_rong
2026-07-20T10:35:56Z,highest-temperature-in-buenos-aires-on-july-21-2026,buenos-aires,2026-07-21,1,NO,14°C,0.65,15.38,10.0,0.1749,13.6,13°C,won,15.38,5.21,2026-07-22T09:46:08Z,mo_rong
2026-07-20T10:35:56Z,highest-temperature-in-austin-on-july-21-2026,austin,2026-07-21,1,NO,100-101°F,0.65,15.38,10.0,0.1749,37.6,98-99°F,lost,0.0,-10.17,2026-07-22T09:46:08Z,mo_rong
2026-07-20T10:35:56Z,highest-temperature-in-wellington-on-july-22-2026,wellington,2026-07-22,2,NO,13°C,0.65,15.38,10.0,0.1749,13.3,14°C,won,15.38,5.21,2026-07-23T09:24:13Z,mo_rong
2026-07-20T10:35:56Z,highest-temperature-in-chicago-on-july-21-2026,chicago,2026-07-21,1,NO,86-87°F,0.6,16.67,10.0,0.2,29.9,84-85°F,lost,0.0,-10.2,2026-07-22T09:46:08Z,mo_rong
2026-07-20T10:35:56Z,highest-temperature-in-warsaw-on-july-22-2026,warsaw,2026-07-22,2,NO,22°C,0.63,15.87,10.0,0.185,22.3,23°C,lost,0.0,-10.19,2026-07-23T09:24:13Z,mo_rong
2026-07-21T09:44:02Z,highest-temperature-in-wuhan-on-july-22-2026,wuhan,2026-07-22,1,NO,31°C,0.74,13.51,10.0,0.13,31.1,30°C,won,13.51,3.38,2026-07-23T09:24:13Z,goc
2026-07-21T09:44:02Z,highest-temperature-in-san-francisco-on-july-22-2026,san-francisco,2026-07-22,1,NO,76-77°F,0.73,13.7,10.0,0.135,24.6,74-75°F,won,13.7,3.56,2026-07-23T09:24:13Z,goc
2026-07-21T09:44:02Z,highest-temperature-in-madrid-on-july-23-2026,madrid,2026-07-23,2,NO,38°C,0.74,13.51,10.0,0.13,38.2,39°C,lost,0.0,-10.13,2026-07-24T09:18:06Z,goc
2026-07-21T09:44:02Z,highest-temperature-in-busan-on-july-22-2026,busan,2026-07-22,1,NO,32°C,0.72,13.89,10.0,0.14,32.4,33°C,won,13.89,3.75,2026-07-23T09:24:13Z,goc
2026-07-21T09:44:02Z,highest-temperature-in-munich-on-july-23-2026,munich,2026-07-23,2,NO,23°C,0.72,13.89,10.0,0.14,22.9,22°C,won,13.89,3.75,2026-07-24T09:18:06Z,goc
2026-07-21T09:44:02Z,highest-temperature-in-shanghai-on-july-22-2026,shanghai,2026-07-22,1,NO,34°C,0.73,13.7,10.0,0.135,33.6,35°C,won,13.7,3.56,2026-07-23T09:24:13Z,goc
2026-07-21T09:44:02Z,highest-temperature-in-singapore-on-july-22-2026,singapore,2026-07-22,1,NO,30°C,0.71,14.08,10.0,0.145,29.8,31°C,lost,0.0,-10.14,2026-07-23T09:24:13Z,goc
2026-07-21T09:44:02Z,highest-temperature-in-cape-town-on-july-23-2026,cape-town,2026-07-23,2,NO,14°C,0.71,14.08,10.0,0.145,14.5,15°C,won,14.08,3.94,2026-07-24T09:18:06Z,mo_rong
2026-07-21T09:44:02Z,highest-temperature-in-jeddah-on-july-22-2026,jeddah,2026-07-22,1,NO,38°C,0.68,14.71,10.0,0.16,37.9,37°C,lost,0.0,-10.16,2026-07-23T09:24:13Z,mo_rong
2026-07-21T09:44:02Z,highest-temperature-in-nyc-on-july-22-2026,nyc,2026-07-22,1,NO,84-85°F,0.67,14.93,10.0,0.1651,29.5,86-87°F,won,14.93,4.76,2026-07-23T09:24:13Z,mo_rong
2026-07-21T17:01:01Z,highest-temperature-in-paris-on-july-23-2026,paris,2026-07-23,2,NO,26°C,0.69,14.49,10.0,0.155,26.0,25°C,won,14.49,4.33,2026-07-24T09:18:06Z,mo_rong
2026-07-21T17:01:01Z,highest-temperature-in-amsterdam-on-july-23-2026,amsterdam,2026-07-23,2,NO,20°C,0.66,15.15,10.0,0.17,20.5,19°C,won,15.15,4.98,2026-07-24T09:18:06Z,mo_rong
2026-07-21T17:01:01Z,highest-temperature-in-dallas-on-july-22-2026,dallas,2026-07-22,1,NO,106-107°F,0.66,15.15,10.0,0.17,41.3,104-105°F,won,15.15,4.98,2026-07-23T09:24:13Z,mo_rong
2026-07-21T17:01:01Z,highest-temperature-in-los-angeles-on-july-22-2026,los-angeles,2026-07-22,1,NO,76-77°F,0.65,15.38,10.0,0.1749,24.8,78-79°F,lost,0.0,-10.17,2026-07-23T09:24:13Z,mo_rong
2026-07-21T17:01:01Z,highest-temperature-in-milan-on-july-22-2026,milan,2026-07-22,1,NO,30°C,0.64,15.62,10.0,0.1799,30.0,29°C,won,15.62,5.44,2026-07-23T09:24:13Z,mo_rong
2026-07-21T17:01:01Z,highest-temperature-in-amsterdam-on-july-22-2026,amsterdam,2026-07-22,1,NO,20°C,0.64,15.62,10.0,0.1799,19.8,19°C,lost,0.0,-10.18,2026-07-23T09:24:13Z,mo_rong
2026-07-22T09:46:08Z,highest-temperature-in-toronto-on-july-23-2026,toronto,2026-07-23,1,NO,24°C,0.74,13.51,10.0,0.13,24.2,25°C,won,13.51,3.38,2026-07-24T09:18:06Z,goc
2026-07-22T09:46:08Z,highest-temperature-in-munich-on-july-24-2026,munich,2026-07-24,2,NO,24°C,0.74,13.51,10.0,0.13,23.5,25°C,won,13.51,3.38,2026-07-25T07:41:46Z,goc
2026-07-22T09:46:08Z,highest-temperature-in-paris-on-july-24-2026,paris,2026-07-24,2,NO,29°C,0.73,13.7,10.0,0.135,28.7,28°C,won,13.7,3.56,2026-07-25T07:41:46Z,goc
2026-07-22T09:46:08Z,highest-temperature-in-beijing-on-july-24-2026,beijing,2026-07-24,2,NO,30°C,0.73,13.7,10.0,0.135,30.2,29°C,won,13.7,3.56,2026-07-25T07:41:46Z,goc
2026-07-22T09:46:08Z,highest-temperature-in-helsinki-on-july-24-2026,helsinki,2026-07-24,2,NO,20°C,0.72,13.89,10.0,0.14,19.9,21°C,won,13.89,3.75,2026-07-25T07:41:46Z,goc
2026-07-22T09:46:08Z,highest-temperature-in-cape-town-on-july-24-2026,cape-town,2026-07-24,2,NO,17°C,0.72,13.89,10.0,0.14,16.8,18°C,won,13.89,3.75,2026-07-25T07:41:46Z,mo_rong
2026-07-22T09:46:08Z,highest-temperature-in-london-on-july-23-2026,london,2026-07-23,1,NO,25°C,0.69,14.49,10.0,0.155,25.4,26°C,won,14.49,4.33,2026-07-24T09:18:06Z,mo_rong
2026-07-22T09:46:08Z,highest-temperature-in-chongqing-on-july-23-2026,chongqing,2026-07-23,1,NO,39°C,0.7,14.29,10.0,0.15,39.4,40°C,won,14.29,4.14,2026-07-24T09:18:06Z,mo_rong
2026-07-22T09:46:08Z,highest-temperature-in-moscow-on-july-23-2026,moscow,2026-07-23,1,NO,21°C,0.71,14.08,10.0,0.145,21.3,22°C,won,14.08,3.94,2026-07-24T09:18:06Z,mo_rong
2026-07-22T09:46:08Z,highest-temperature-in-san-francisco-on-july-23-2026,san-francisco,2026-07-23,1,NO,70-71°F,0.69,14.49,10.0,0.155,21.3,68-69°F,won,14.49,4.33,2026-07-24T09:18:06Z,mo_rong
2026-07-22T17:01:30Z,highest-temperature-in-shenzhen-on-july-24-2026,shenzhen,2026-07-24,2,NO,34°C,0.69,14.49,10.0,0.155,33.7,33°C,won,14.49,4.33,2026-07-25T07:41:46Z,mo_rong
2026-07-22T17:01:30Z,highest-temperature-in-busan-on-july-23-2026,busan,2026-07-23,1,NO,32°C,0.69,14.49,10.0,0.155,31.6,33°C,won,14.49,4.33,2026-07-24T09:18:06Z,mo_rong
2026-07-22T17:01:30Z,highest-temperature-in-buenos-aires-on-july-23-2026,buenos-aires,2026-07-23,1,NO,14°C,0.68,14.71,10.0,0.16,13.7,13°C,won,14.71,4.55,2026-07-24T09:18:06Z,mo_rong
2026-07-22T17:01:30Z,highest-temperature-in-chongqing-on-july-24-2026,chongqing,2026-07-24,2,NO,39°C,0.7,14.29,10.0,0.15,38.8,40°C,won,14.29,4.14,2026-07-25T07:41:46Z,mo_rong
2026-07-22T17:01:30Z,highest-temperature-in-milan-on-july-24-2026,milan,2026-07-24,2,NO,30°C,0.67,14.93,10.0,0.1651,30.2,31°C,lost,0.0,-10.17,2026-07-25T07:41:46Z,mo_rong
2026-07-22T17:01:30Z,highest-temperature-in-taipei-on-july-24-2026,taipei,2026-07-24,2,NO,35°C,0.68,14.71,10.0,0.16,34.7,36°C,won,14.71,4.55,2026-07-25T07:41:46Z,mo_rong
2026-07-22T17:01:30Z,highest-temperature-in-kuala-lumpur-on-july-24-2026,kuala-lumpur,2026-07-24,2,NO,31°C,0.67,14.93,10.0,0.1651,31.1,32°C,won,14.93,4.76,2026-07-25T07:41:46Z,mo_rong
2026-07-22T17:01:30Z,highest-temperature-in-jeddah-on-july-24-2026,jeddah,2026-07-24,2,NO,40°C,0.69,14.49,10.0,0.155,40.0,>=41°C,lost,0.0,-10.15,2026-07-25T07:41:46Z,mo_rong
2026-07-22T17:01:30Z,highest-temperature-in-austin-on-july-23-2026,austin,2026-07-23,1,NO,100-101°F,0.66,15.15,10.0,0.17,38.1,98-99°F,won,15.15,4.98,2026-07-24T09:18:06Z,mo_rong
2026-07-22T17:01:30Z,highest-temperature-in-singapore-on-july-24-2026,singapore,2026-07-24,2,NO,31°C,0.64,15.62,10.0,0.1799,30.6,32°C,won,15.62,5.44,2026-07-25T07:41:46Z,mo_rong
2026-07-23T09:24:13Z,highest-temperature-in-atlanta-on-july-24-2026,atlanta,2026-07-24,1,NO,84-85°F,0.73,13.7,10.0,0.135,28.7,86-87°F,won,13.7,3.56,2026-07-25T07:41:46Z,goc
2026-07-23T09:24:13Z,highest-temperature-in-milan-on-july-25-2026,milan,2026-07-25,2,NO,<=28°C,0.723,13.83,10.0,0.1385,27.6,29°C,won,13.83,3.69,2026-07-26T05:49:24Z,goc
2026-07-23T09:24:13Z,highest-temperature-in-wellington-on-july-24-2026,wellington,2026-07-24,1,NO,13°C,0.702,14.25,10.0,0.1491,13.0,14°C,won,14.25,4.1,2026-07-25T07:41:46Z,goc
2026-07-23T09:24:13Z,highest-temperature-in-manila-on-july-25-2026,manila,2026-07-25,2,NO,30°C,0.72,13.89,10.0,0.14,30.4,31°C,won,13.89,3.75,2026-07-26T05:49:24Z,goc
2026-07-23T09:24:13Z,highest-temperature-in-sao-paulo-on-july-24-2026,sao-paulo,2026-07-24,1,NO,17°C,0.7,14.29,10.0,0.15,17.0,18°C,lost,0.0,-10.15,2026-07-25T07:41:46Z,mo_rong
2026-07-23T09:24:13Z,highest-temperature-in-san-francisco-on-july-24-2026,san-francisco,2026-07-24,1,NO,70-71°F,0.71,14.08,10.0,0.145,20.9,68-69°F,lost,0.0,-10.14,2026-07-25T15:49:54Z,mo_rong
2026-07-23T09:24:13Z,highest-temperature-in-warsaw-on-july-24-2026,warsaw,2026-07-24,1,NO,20°C,0.69,14.49,10.0,0.155,20.5,21°C,lost,0.0,-10.15,2026-07-25T07:41:46Z,mo_rong
2026-07-23T09:24:13Z,highest-temperature-in-mexico-city-on-july-24-2026,mexico-city,2026-07-24,1,NO,27°C,0.68,14.71,10.0,0.16,26.9,28°C,lost,0.0,-10.16,2026-07-25T15:49:54Z,mo_rong
2026-07-23T09:24:13Z,highest-temperature-in-amsterdam-on-july-24-2026,amsterdam,2026-07-24,1,NO,23°C,0.66,15.15,10.0,0.17,23.4,24°C,won,15.15,4.98,2026-07-25T07:41:46Z,mo_rong
2026-07-23T09:24:13Z,highest-temperature-in-amsterdam-on-july-25-2026,amsterdam,2026-07-25,2,NO,25°C,0.66,15.15,10.0,0.17,24.8,24°C,lost,0.0,-10.17,2026-07-26T05:49:24Z,mo_rong
2026-07-23T17:04:18Z,highest-temperature-in-houston-on-july-24-2026,houston,2026-07-24,1,NO,92-93°F,0.62,16.13,10.0,0.19,34.1,94-95°F,lost,0.0,-10.19,2026-07-25T07:41:46Z,mo_rong
2026-07-23T17:04:18Z,highest-temperature-in-madrid-on-july-24-2026,madrid,2026-07-24,1,NO,33°C,0.6,16.67,10.0,0.2,33.0,34°C,lost,0.0,-10.2,2026-07-25T07:41:46Z,mo_rong
2026-07-24T09:18:06Z,highest-temperature-in-paris-on-july-26-2026,paris,2026-07-26,2,NO,25°C,0.74,13.51,10.0,0.13,25.1,24°C,won,13.51,3.38,2026-07-27T12:49:11Z,goc
2026-07-24T09:18:06Z,highest-temperature-in-singapore-on-july-26-2026,singapore,2026-07-26,2,NO,29°C,0.74,13.51,10.0,0.13,28.6,30°C,won,13.51,3.38,2026-07-27T12:49:11Z,goc
2026-07-24T09:18:06Z,highest-temperature-in-istanbul-on-july-25-2026,istanbul,2026-07-25,1,NO,22°C,0.73,13.7,10.0,0.135,22.5,23°C,won,13.7,3.56,2026-07-26T05:49:24Z,goc
2026-07-24T09:18:06Z,highest-temperature-in-denver-on-july-25-2026,denver,2026-07-25,1,NO,100-101°F,0.73,13.7,10.0,0.135,37.9,98-99°F,lost,0.0,-10.13,2026-07-26T09:05:27Z,goc
2026-07-24T09:18:06Z,highest-temperature-in-ankara-on-july-25-2026,ankara,2026-07-25,1,NO,19°C,0.73,13.7,10.0,0.135,18.9,20°C,won,13.7,3.56,2026-07-26T05:49:24Z,goc
2026-07-24T09:18:06Z,highest-temperature-in-buenos-aires-on-july-25-2026,buenos-aires,2026-07-25,1,NO,16°C,0.71,14.08,10.0,0.145,16.4,17°C,won,14.08,3.94,2026-07-26T05:49:24Z,mo_rong
2026-07-24T09:18:06Z,highest-temperature-in-tokyo-on-july-26-2026,tokyo,2026-07-26,2,NO,30°C,0.71,14.08,10.0,0.145,29.7,31°C,won,14.08,3.94,2026-07-27T12:49:11Z,mo_rong
2026-07-24T09:18:06Z,highest-temperature-in-chongqing-on-july-26-2026,chongqing,2026-07-26,2,NO,40°C,0.72,13.89,10.0,0.14,39.8,41°C,won,13.89,3.75,2026-07-27T12:49:11Z,mo_rong
2026-07-24T09:18:06Z,highest-temperature-in-london-on-july-25-2026,london,2026-07-25,1,NO,29°C,0.7,14.29,10.0,0.15,29.2,28°C,lost,0.0,-10.15,2026-07-26T05:49:24Z,mo_rong
2026-07-24T09:18:06Z,highest-temperature-in-wuhan-on-july-25-2026,wuhan,2026-07-25,1,NO,36°C,0.7,14.29,10.0,0.15,36.2,37°C,lost,0.0,-10.15,2026-07-26T05:49:24Z,mo_rong
2026-07-24T17:57:11Z,highest-temperature-in-madrid-on-july-25-2026,madrid,2026-07-25,1,NO,30°C,0.66,15.15,10.0,0.17,29.6,29°C,won,15.15,4.98,2026-07-26T05:49:24Z,mo_rong
2026-07-24T17:57:11Z,highest-temperature-in-houston-on-july-25-2026,houston,2026-07-25,1,NO,94-95°F,0.66,15.15,10.0,0.17,35.2,92-93°F,won,15.15,4.98,2026-07-26T09:05:27Z,mo_rong
2026-07-24T17:57:11Z,highest-temperature-in-istanbul-on-july-26-2026,istanbul,2026-07-26,2,NO,26°C,0.62,16.13,10.0,0.19,26.0,27°C,won,16.13,5.94,2026-07-27T12:49:11Z,mo_rong
2026-07-24T17:57:11Z,highest-temperature-in-munich-on-july-25-2026,munich,2026-07-25,1,NO,30°C,0.61,16.39,10.0,0.195,29.7,31°C,won,16.39,6.2,2026-07-26T05:49:24Z,mo_rong
2026-07-24T17:57:11Z,highest-temperature-in-madrid-on-july-26-2026,madrid,2026-07-26,2,NO,31°C,0.6,16.67,10.0,0.2,31.1,32°C,lost,0.0,-10.2,2026-07-27T12:49:11Z,mo_rong
2026-07-25T07:41:46Z,highest-temperature-in-hong-kong-on-july-26-2026,hong-kong,2026-07-26,1,NO,28°C,0.73,13.7,10.0,0.135,28.0,29°C,lost,0.0,-10.13,2026-07-27T12:49:11Z,goc
2026-07-25T07:41:46Z,highest-temperature-in-buenos-aires-on-july-26-2026,buenos-aires,2026-07-26,1,NO,19°C,0.73,13.7,10.0,0.135,19.4,20°C,won,13.7,3.56,2026-07-27T12:49:11Z,goc
2026-07-25T07:41:46Z,highest-temperature-in-singapore-on-july-27-2026,singapore,2026-07-27,2,NO,30°C,0.71,14.08,10.0,0.145,29.7,31°C,won,14.08,3.94,2026-07-28T10:22:08Z,mo_rong
2026-07-25T07:41:46Z,highest-temperature-in-taipei-on-july-26-2026,taipei,2026-07-26,1,NO,35°C,0.66,15.15,10.0,0.17,34.9,36°C,won,15.15,4.98,2026-07-27T12:49:11Z,mo_rong
2026-07-25T07:41:46Z,highest-temperature-in-kuala-lumpur-on-july-27-2026,kuala-lumpur,2026-07-27,2,NO,31°C,0.69,14.49,10.0,0.155,30.7,32°C,won,14.49,4.33,2026-07-28T10:22:08Z,mo_rong
2026-07-25T07:41:46Z,highest-temperature-in-wellington-on-july-27-2026,wellington,2026-07-27,2,NO,10°C,0.68,14.71,10.0,0.16,9.9,11°C,won,14.71,4.55,2026-07-28T10:22:08Z,mo_rong
2026-07-25T07:41:46Z,highest-temperature-in-miami-on-july-26-2026,miami,2026-07-26,1,NO,90-91°F,0.63,15.87,10.0,0.185,32.1,92-93°F,won,15.87,5.68,2026-07-27T12:49:11Z,mo_rong
2026-07-26T05:49:24Z,highest-temperature-in-beijing-on-july-27-2026,beijing,2026-07-27,1,NO,33°C,0.74,13.51,10.0,0.13,33.1,34°C,won,13.51,3.38,2026-07-28T10:22:08Z,goc
2026-07-26T05:49:24Z,highest-temperature-in-karachi-on-july-27-2026,karachi,2026-07-27,1,NO,33°C,0.74,13.51,10.0,0.13,32.6,34°C,won,13.51,3.38,2026-07-28T10:22:08Z,goc
2026-07-26T05:49:24Z,highest-temperature-in-munich-on-july-27-2026,munich,2026-07-27,1,NO,25°C,0.73,13.7,10.0,0.135,24.8,26°C,lost,0.0,-10.13,2026-07-28T10:22:08Z,goc
2026-07-26T05:49:24Z,highest-temperature-in-hong-kong-on-july-27-2026,hong-kong,2026-07-27,1,NO,29°C,0.73,13.7,10.0,0.135,29.4,30°C,won,13.7,3.56,2026-07-28T10:22:08Z,goc
2026-07-26T05:49:24Z,highest-temperature-in-london-on-july-27-2026,london,2026-07-27,1,NO,26°C,0.71,14.08,10.0,0.145,26.3,27°C,won,14.08,3.94,2026-07-28T10:22:08Z,goc
2026-07-26T05:49:24Z,highest-temperature-in-busan-on-july-27-2026,busan,2026-07-27,1,NO,34°C,0.71,14.08,10.0,0.145,34.0,35°C,won,14.08,3.94,2026-07-28T10:22:08Z,goc
2026-07-26T05:49:24Z,highest-temperature-in-warsaw-on-july-27-2026,warsaw,2026-07-27,1,NO,22°C,0.7,14.29,10.0,0.15,22.3,23°C,won,14.29,4.14,2026-07-28T10:22:08Z,mo_rong
2026-07-26T05:49:24Z,highest-temperature-in-manila-on-july-27-2026,manila,2026-07-27,1,NO,31°C,0.7,14.29,10.0,0.15,30.7,32°C,won,14.29,4.14,2026-07-28T10:22:08Z,mo_rong
2026-07-26T05:49:24Z,highest-temperature-in-cape-town-on-july-27-2026,cape-town,2026-07-27,1,NO,17°C,0.65,15.38,10.0,0.1749,16.9,18°C,lost,0.0,-10.17,2026-07-28T10:22:08Z,mo_rong
2026-07-26T05:49:24Z,highest-temperature-in-denver-on-july-26-2026,denver,2026-07-26,1,NO,102-103°F,0.64,15.62,10.0,0.1799,38.9,100-101°F,won,15.62,5.44,2026-07-27T12:49:11Z,mo_rong
2026-07-26T09:05:27Z,highest-temperature-in-panama-city-on-july-27-2026,panama-city,2026-07-27,1,NO,30°C,0.74,13.51,10.0,0.13,30.1,31°C,won,13.51,3.38,2026-07-28T10:22:08Z,goc
2026-07-26T09:05:27Z,highest-temperature-in-wellington-on-july-28-2026,wellington,2026-07-28,2,NO,11°C,0.73,13.7,10.0,0.135,10.7,12°C,won,13.7,3.56,2026-07-29T10:21:19Z,goc
2026-07-26T09:05:27Z,highest-temperature-in-helsinki-on-july-28-2026,helsinki,2026-07-28,2,NO,19°C,0.74,13.51,10.0,0.13,19.1,20°C,won,13.51,3.38,2026-07-29T10:21:19Z,goc
2026-07-26T09:05:27Z,highest-temperature-in-manila-on-july-28-2026,manila,2026-07-28,2,NO,31°C,0.74,13.51,10.0,0.13,30.6,32°C,won,13.51,3.38,2026-07-29T10:21:19Z,goc
2026-07-26T09:05:27Z,highest-temperature-in-austin-on-july-27-2026,austin,2026-07-27,1,NO,96-97°F,0.72,13.89,10.0,0.14,36.2,98-99°F,won,13.89,3.75,2026-07-28T10:22:08Z,goc
2026-07-26T09:05:27Z,highest-temperature-in-mexico-city-on-july-27-2026,mexico-city,2026-07-27,1,NO,24°C,0.72,13.89,10.0,0.14,24.5,25°C,won,13.89,3.75,2026-07-28T17:14:04Z,goc
2026-07-26T09:05:27Z,highest-temperature-in-tokyo-on-july-28-2026,tokyo,2026-07-28,2,NO,29°C,0.73,13.7,10.0,0.135,29.0,30°C,won,13.7,3.56,2026-07-29T10:21:19Z,goc
2026-07-26T09:05:27Z,highest-temperature-in-london-on-july-28-2026,london,2026-07-28,2,NO,29°C,0.69,14.49,10.0,0.155,29.1,30°C,lost,0.0,-10.15,2026-07-29T10:21:19Z,mo_rong
2026-07-26T09:05:27Z,highest-temperature-in-munich-on-july-28-2026,munich,2026-07-28,2,NO,28°C,0.67,14.93,10.0,0.1651,27.7,29°C,won,14.93,4.76,2026-07-29T10:21:19Z,mo_rong
2026-07-26T09:05:27Z,highest-temperature-in-miami-on-july-27-2026,miami,2026-07-27,1,NO,90-91°F,0.63,15.87,10.0,0.185,32.0,92-93°F,lost,0.0,-10.19,2026-07-28T10:22:08Z,mo_rong
2026-07-27T12:49:11Z,highest-temperature-in-beijing-on-july-28-2026,beijing,2026-07-28,1,NO,34°C,0.74,13.51,10.0,0.13,34.4,35°C,won,13.51,3.38,2026-07-29T10:21:19Z,goc
2026-07-27T12:49:11Z,highest-temperature-in-paris-on-july-29-2026,paris,2026-07-29,2,NO,36°C,0.73,13.7,10.0,0.135,36.2,37°C,won,13.7,3.56,2026-07-30T09:47:01Z,goc
2026-07-27T12:49:11Z,highest-temperature-in-kuala-lumpur-on-july-29-2026,kuala-lumpur,2026-07-29,2,NO,31°C,0.74,13.51,10.0,0.13,30.9,32°C,lost,0.0,-10.13,2026-07-30T09:47:01Z,goc
2026-07-27T12:49:11Z,highest-temperature-in-moscow-on-july-28-2026,moscow,2026-07-28,1,NO,28°C,0.74,13.51,10.0,0.13,27.9,27°C,lost,0.0,-10.13,2026-07-29T10:21:19Z,goc
2026-07-27T12:49:11Z,highest-temperature-in-lucknow-on-july-28-2026,lucknow,2026-07-28,1,NO,33°C,0.71,14.08,10.0,0.145,32.7,34°C,won,14.08,3.94,2026-07-29T10:21:19Z,goc
2026-07-27T12:49:11Z,highest-temperature-in-wuhan-on-july-28-2026,wuhan,2026-07-28,1,NO,31°C,0.71,14.08,10.0,0.145,30.9,30°C,won,14.08,3.94,2026-07-29T10:21:19Z,mo_rong
2026-07-27T12:49:11Z,highest-temperature-in-chicago-on-july-28-2026,chicago,2026-07-28,1,NO,78-79°F,0.71,14.08,10.0,0.145,26.3,80-81°F,lost,0.0,-10.14,2026-07-29T10:21:19Z,mo_rong
2026-07-27T12:49:11Z,highest-temperature-in-milan-on-july-29-2026,milan,2026-07-29,2,NO,35°C,0.7,14.29,10.0,0.15,35.1,34°C,won,14.29,4.14,2026-07-30T09:47:01Z,mo_rong
2026-07-27T12:49:11Z,highest-temperature-in-helsinki-on-july-29-2026,helsinki,2026-07-29,2,NO,23°C,0.69,14.49,10.0,0.155,23.3,24°C,won,14.49,4.33,2026-07-30T09:47:01Z,mo_rong
2026-07-27T12:49:11Z,highest-temperature-in-paris-on-july-28-2026,paris,2026-07-28,1,NO,31°C,0.69,14.49,10.0,0.155,31.1,32°C,won,14.49,4.33,2026-07-29T10:21:19Z,mo_rong
2026-07-27T18:08:50Z,highest-temperature-in-chongqing-on-july-28-2026,chongqing,2026-07-28,1,NO,36°C,0.67,14.93,10.0,0.1651,35.8,37°C,lost,0.0,-10.17,2026-07-29T10:21:19Z,mo_rong
2026-07-27T18:08:50Z,highest-temperature-in-mexico-city-on-july-28-2026,mexico-city,2026-07-28,1,NO,24°C,0.67,14.93,10.0,0.1651,23.9,25°C,won,14.93,4.76,2026-07-29T10:21:19Z,mo_rong
2026-07-27T18:08:50Z,highest-temperature-in-milan-on-july-28-2026,milan,2026-07-28,1,NO,34°C,0.64,15.62,10.0,0.1799,34.0,33°C,won,15.62,5.44,2026-07-29T10:21:19Z,mo_rong
2026-07-27T18:08:50Z,highest-temperature-in-panama-city-on-july-28-2026,panama-city,2026-07-28,1,NO,32°C,0.64,15.62,10.0,0.1799,31.5,33°C,lost,0.0,-10.18,2026-07-29T10:21:19Z,mo_rong
2026-07-27T18:08:50Z,highest-temperature-in-miami-on-july-28-2026,miami,2026-07-28,1,NO,90-91°F,0.63,15.87,10.0,0.185,33.0,92-93°F,won,15.87,5.68,2026-07-29T10:21:19Z,mo_rong
2026-07-27T18:08:50Z,highest-temperature-in-singapore-on-july-29-2026,singapore,2026-07-29,2,NO,31°C,0.63,15.87,10.0,0.185,30.6,32°C,won,15.87,5.68,2026-07-30T09:47:01Z,mo_rong
2026-07-28T10:22:08Z,highest-temperature-in-taipei-on-july-29-2026,taipei,2026-07-29,1,NO,35°C,0.74,13.51,10.0,0.13,35.0,36°C,won,13.51,3.38,2026-07-30T09:47:01Z,goc
2026-07-28T10:22:08Z,highest-temperature-in-houston-on-july-29-2026,houston,2026-07-29,1,NO,98-99°F,0.74,13.51,10.0,0.13,37.3,96-97°F,won,13.51,3.38,2026-07-30T09:47:01Z,goc
2026-07-28T10:22:08Z,highest-temperature-in-helsinki-on-july-30-2026,helsinki,2026-07-30,2,NO,23°C,0.74,13.51,10.0,0.13,23.0,24°C,won,13.51,3.38,2026-07-31T10:15:48Z,goc
2026-07-28T10:22:08Z,highest-temperature-in-istanbul-on-july-29-2026,istanbul,2026-07-29,1,NO,28°C,0.74,13.51,10.0,0.13,28.3,27°C,won,13.51,3.38,2026-07-30T09:47:01Z,goc
2026-07-28T10:22:08Z,highest-temperature-in-beijing-on-july-29-2026,beijing,2026-07-29,1,NO,34°C,0.73,13.7,10.0,0.135,34.3,35°C,won,13.7,3.56,2026-07-30T09:47:01Z,goc
2026-07-28T10:22:08Z,highest-temperature-in-miami-on-july-29-2026,miami,2026-07-29,1,NO,92-93°F,0.73,13.7,10.0,0.135,34.1,94-95°F,won,13.7,3.56,2026-07-30T09:47:01Z,goc
2026-07-28T10:22:08Z,highest-temperature-in-kuala-lumpur-on-july-30-2026,kuala-lumpur,2026-07-30,2,NO,31°C,0.73,13.7,10.0,0.135,30.7,32°C,won,13.7,3.56,2026-07-31T10:15:48Z,goc
2026-07-28T10:22:08Z,highest-temperature-in-london-on-july-29-2026,london,2026-07-29,1,NO,34°C,0.72,13.89,10.0,0.14,34.2,33°C,lost,0.0,-10.14,2026-07-30T09:47:01Z,goc
2026-07-28T10:22:08Z,highest-temperature-in-tokyo-on-july-30-2026,tokyo,2026-07-30,2,NO,33°C,0.74,13.51,10.0,0.13,32.7,34°C,won,13.51,3.38,2026-07-31T10:15:48Z,mo_rong
2026-07-28T10:22:08Z,highest-temperature-in-manila-on-july-30-2026,manila,2026-07-30,2,NO,30°C,0.74,13.51,10.0,0.13,30.4,31°C,won,13.51,3.38,2026-07-31T10:15:48Z,mo_rong
2026-07-28T17:14:04Z,highest-temperature-in-karachi-on-july-29-2026,karachi,2026-07-29,1,NO,34°C,0.69,14.49,10.0,0.155,33.8,35°C,lost,0.0,-10.15,2026-07-30T09:47:01Z,mo_rong
2026-07-28T17:14:04Z,highest-temperature-in-atlanta-on-july-29-2026,atlanta,2026-07-29,1,NO,90-91°F,0.7,14.29,10.0,0.15,32.6,92-93°F,won,14.29,4.14,2026-07-30T09:47:01Z,mo_rong
2026-07-28T17:14:04Z,highest-temperature-in-shanghai-on-july-29-2026,shanghai,2026-07-29,1,NO,35°C,0.66,15.15,10.0,0.17,34.7,36°C,lost,0.0,-10.17,2026-07-30T09:47:01Z,mo_rong
2026-07-28T17:14:04Z,highest-temperature-in-panama-city-on-july-29-2026,panama-city,2026-07-29,1,NO,33°C,0.66,15.15,10.0,0.17,33.1,34°C,lost,0.0,-10.17,2026-07-30T09:47:01Z,mo_rong
2026-07-28T17:14:04Z,highest-temperature-in-buenos-aires-on-july-29-2026,buenos-aires,2026-07-29,1,NO,16°C,0.68,14.71,10.0,0.16,16.1,17°C,won,14.71,4.55,2026-07-30T09:47:01Z,mo_rong
2026-07-28T17:14:04Z,highest-temperature-in-wellington-on-july-29-2026,wellington,2026-07-29,1,NO,13°C,0.67,14.93,10.0,0.1651,12.6,14°C,won,14.93,4.76,2026-07-30T09:47:01Z,mo_rong
2026-07-28T17:14:04Z,highest-temperature-in-toronto-on-july-29-2026,toronto,2026-07-29,1,NO,25°C,0.66,15.15,10.0,0.17,25.0,26°C,won,15.15,4.98,2026-07-30T09:47:01Z,mo_rong
2026-07-28T17:14:04Z,highest-temperature-in-wellington-on-july-30-2026,wellington,2026-07-30,2,NO,13°C,0.68,14.71,10.0,0.16,13.0,14°C,won,14.71,4.55,2026-07-31T10:15:48Z,mo_rong
2026-07-29T10:21:19Z,highest-temperature-in-taipei-on-july-30-2026,taipei,2026-07-30,1,NO,34°C,0.74,13.51,10.0,0.13,34.1,35°C,won,13.51,3.38,2026-07-31T10:15:48Z,goc
2026-07-29T10:21:19Z,highest-temperature-in-paris-on-july-30-2026,paris,2026-07-30,1,NO,31°C,0.73,13.7,10.0,0.135,31.0,30°C,won,13.7,3.56,2026-07-31T10:15:48Z,goc
2026-07-29T10:21:19Z,highest-temperature-in-chicago-on-july-30-2026,chicago,2026-07-30,1,NO,88-89°F,0.72,13.89,10.0,0.14,31.7,86-87°F,won,13.89,3.75,2026-07-31T10:15:48Z,goc
2026-07-29T10:21:19Z,highest-temperature-in-hong-kong-on-july-30-2026,hong-kong,2026-07-30,1,NO,28°C,0.7,14.29,10.0,0.15,28.3,29°C,lost,0.0,-10.15,2026-07-31T10:15:48Z,mo_rong
2026-07-29T10:21:19Z,highest-temperature-in-istanbul-on-july-31-2026,istanbul,2026-07-31,2,NO,27°C,0.7,14.29,10.0,0.15,27.0,26°C,won,14.29,4.14,2026-08-01T08:03:24Z,mo_rong
2026-07-29T10:21:19Z,highest-temperature-in-chongqing-on-july-30-2026,chongqing,2026-07-30,1,NO,39°C,0.71,14.08,10.0,0.145,38.6,38°C,lost,0.0,-10.14,2026-07-31T10:15:48Z,mo_rong
2026-07-29T10:21:19Z,highest-temperature-in-london-on-july-30-2026,london,2026-07-30,1,NO,28°C,0.68,14.71,10.0,0.16,27.5,27°C,lost,0.0,-10.16,2026-07-31T10:15:48Z,mo_rong
2026-07-29T10:21:19Z,highest-temperature-in-toronto-on-july-30-2026,toronto,2026-07-30,1,NO,27°C,0.7,14.29,10.0,0.15,27.2,28°C,won,14.29,4.14,2026-07-31T10:15:48Z,mo_rong
2026-07-29T10:21:19Z,highest-temperature-in-austin-on-july-30-2026,austin,2026-07-30,1,NO,98-99°F,0.68,14.71,10.0,0.16,37.3,100-101°F,won,14.71,4.55,2026-07-31T10:15:48Z,mo_rong
2026-07-29T10:21:19Z,highest-temperature-in-buenos-aires-on-july-30-2026,buenos-aires,2026-07-30,1,NO,16°C,0.69,14.49,10.0,0.155,16.4,17°C,won,14.49,4.33,2026-07-31T10:15:48Z,mo_rong
2026-07-29T16:54:09Z,highest-temperature-in-karachi-on-july-31-2026,karachi,2026-07-31,2,NO,34°C,0.69,14.49,10.0,0.155,33.5,35°C,won,14.49,4.33,2026-08-01T08:03:24Z,mo_rong
2026-07-29T16:54:09Z,highest-temperature-in-warsaw-on-july-31-2026,warsaw,2026-07-31,2,NO,36°C,0.7,14.29,10.0,0.15,35.9,35°C,won,14.29,4.14,2026-08-01T08:03:24Z,mo_rong
2026-07-29T16:54:09Z,highest-temperature-in-los-angeles-on-july-30-2026,los-angeles,2026-07-30,1,NO,78-79°F,0.65,15.38,10.0,0.1749,25.4,76-77°F,won,15.38,5.21,2026-07-31T10:15:48Z,mo_rong
2026-07-29T16:54:09Z,highest-temperature-in-singapore-on-july-30-2026,singapore,2026-07-30,1,NO,31°C,0.57,17.54,10.0,0.215,30.6,32°C,lost,0.0,-10.21,2026-07-31T10:15:48Z,mo_rong
2026-07-30T09:47:01Z,highest-temperature-in-shenzhen-on-august-1-2026,shenzhen,2026-08-01,2,NO,27°C,0.74,13.51,10.0,0.13,27.0,28°C,won,13.51,3.38,2026-08-02T09:05:08Z,goc
2026-07-30T09:47:01Z,highest-temperature-in-munich-on-august-1-2026,munich,2026-08-01,2,NO,30°C,0.74,13.51,10.0,0.13,30.3,31°C,lost,0.0,-10.13,2026-08-02T09:05:08Z,goc
2026-07-30T09:47:01Z,highest-temperature-in-shenzhen-on-july-31-2026,shenzhen,2026-07-31,1,NO,29°C,0.72,13.89,10.0,0.14,29.2,30°C,won,13.89,3.75,2026-08-01T08:03:24Z,goc
2026-07-30T09:47:01Z,highest-temperature-in-helsinki-on-july-31-2026,helsinki,2026-07-31,1,NO,24°C,0.74,13.51,10.0,0.13,23.8,25°C,won,13.51,3.38,2026-08-01T08:03:24Z,goc
2026-07-30T09:47:01Z,highest-temperature-in-chongqing-on-july-31-2026,chongqing,2026-07-31,1,NO,38°C,0.71,14.08,10.0,0.145,38.3,39°C,lost,0.0,-10.14,2026-08-01T08:03:24Z,goc
2026-07-30T09:47:01Z,highest-temperature-in-busan-on-july-31-2026,busan,2026-07-31,1,NO,39°C,0.72,13.89,10.0,0.14,38.9,38°C,won,13.89,3.75,2026-08-01T08:03:24Z,mo_rong
2026-07-30T09:47:01Z,highest-temperature-in-manila-on-august-1-2026,manila,2026-08-01,2,NO,32°C,0.69,14.49,10.0,0.155,31.8,33°C,lost,0.0,-10.15,2026-08-02T09:05:08Z,mo_rong
2026-07-30T09:47:01Z,highest-temperature-in-karachi-on-august-1-2026,karachi,2026-08-01,2,NO,32°C,0.73,13.7,10.0,0.135,32.0,33°C,won,13.7,3.56,2026-08-02T09:05:08Z,mo_rong
2026-07-30T09:47:01Z,highest-temperature-in-wellington-on-july-31-2026,wellington,2026-07-31,1,NO,13°C,0.68,14.71,10.0,0.16,13.0,14°C,won,14.71,4.55,2026-08-01T08:03:24Z,mo_rong
2026-07-30T09:47:01Z,highest-temperature-in-austin-on-july-31-2026,austin,2026-07-31,1,NO,98-99°F,0.59,16.95,10.0,0.205,37.1,100-101°F,won,16.95,6.74,2026-08-01T15:43:31Z,mo_rong
2026-07-30T17:10:40Z,highest-temperature-in-madrid-on-july-31-2026,madrid,2026-07-31,1,NO,38°C,0.57,17.54,10.0,0.215,37.8,37°C,lost,0.0,-10.21,2026-08-01T08:03:24Z,mo_rong
2026-07-31T10:15:48Z,highest-temperature-in-cape-town-on-august-2-2026,cape-town,2026-08-02,2,NO,24°C,0.74,13.51,10.0,0.13,23.7,23°C,won,13.51,3.38,2026-08-03T12:51:58Z,goc
2026-07-31T10:15:48Z,highest-temperature-in-chengdu-on-august-1-2026,chengdu,2026-08-01,1,NO,27°C,0.73,13.7,10.0,0.135,27.1,26°C,lost,0.0,-10.13,2026-08-02T09:05:08Z,goc
2026-07-31T10:15:48Z,highest-temperature-in-buenos-aires-on-august-1-2026,buenos-aires,2026-08-01,1,NO,19°C,0.74,13.51,10.0,0.13,19.0,20°C,lost,0.0,-10.13,2026-08-02T09:05:08Z,goc
2026-07-31T10:15:48Z,highest-temperature-in-san-francisco-on-august-1-2026,san-francisco,2026-08-01,1,NO,72-73°F,0.73,13.7,10.0,0.135,23.0,74-75°F,lost,0.0,-10.13,2026-08-02T15:47:55Z,goc
2026-07-31T10:15:48Z,highest-temperature-in-chengdu-on-august-2-2026,chengdu,2026-08-02,2,NO,24°C,0.73,13.7,10.0,0.135,23.8,25°C,won,13.7,3.56,2026-08-03T12:51:58Z,goc
2026-07-31T10:15:48Z,highest-temperature-in-tokyo-on-august-1-2026,tokyo,2026-08-01,1,NO,34°C,0.71,14.08,10.0,0.145,34.3,35°C,won,14.08,3.94,2026-08-02T09:05:08Z,mo_rong
2026-07-31T10:15:48Z,highest-temperature-in-wuhan-on-august-2-2026,wuhan,2026-08-02,2,NO,36°C,0.71,14.08,10.0,0.145,35.9,37°C,won,14.08,3.94,2026-08-03T12:51:58Z,mo_rong
2026-07-31T10:15:48Z,highest-temperature-in-london-on-august-2-2026,london,2026-08-02,2,NO,27°C,0.7,14.29,10.0,0.15,26.8,26°C,lost,0.0,-10.15,2026-08-03T12:51:58Z,mo_rong
2026-07-31T10:15:48Z,highest-temperature-in-moscow-on-august-1-2026,moscow,2026-08-01,1,NO,27°C,0.69,14.49,10.0,0.155,27.1,28°C,lost,0.0,-10.15,2026-08-02T09:05:08Z,mo_rong
2026-07-31T10:15:48Z,highest-temperature-in-paris-on-august-2-2026,paris,2026-08-02,2,NO,31°C,0.68,14.71,10.0,0.16,30.6,32°C,won,14.71,4.55,2026-08-03T12:51:58Z,mo_rong
2026-07-31T17:13:28Z,highest-temperature-in-chicago-on-august-1-2026,chicago,2026-08-01,1,NO,72-73°F,0.67,14.93,10.0,0.1651,22.0,70-71°F,lost,0.0,-10.17,2026-08-02T09:05:08Z,mo_rong
2026-07-31T17:13:28Z,highest-temperature-in-singapore-on-august-1-2026,singapore,2026-08-01,1,NO,31°C,0.65,15.38,10.0,0.1749,30.6,32°C,won,15.38,5.21,2026-08-02T09:05:08Z,mo_rong
2026-07-31T17:13:28Z,highest-temperature-in-denver-on-august-1-2026,denver,2026-08-01,1,NO,94-95°F,0.66,15.15,10.0,0.17,34.7,92-93°F,won,15.15,4.98,2026-08-02T09:05:08Z,mo_rong
2026-07-31T17:13:28Z,highest-temperature-in-milan-on-august-2-2026,milan,2026-08-02,2,NO,34°C,0.68,14.71,10.0,0.16,34.3,35°C,lost,0.0,-10.16,2026-08-03T12:51:58Z,mo_rong
2026-08-01T08:03:24Z,highest-temperature-in-karachi-on-august-3-2026,karachi,2026-08-03,2,NO,32°C,0.74,13.51,10.0,0.13,32.3,33°C,won,13.51,3.38,2026-08-04T10:26:41Z,goc
2026-08-01T08:03:24Z,highest-temperature-in-warsaw-on-august-2-2026,warsaw,2026-08-02,1,NO,26°C,0.74,13.51,10.0,0.13,26.1,25°C,won,13.51,3.38,2026-08-03T12:51:58Z,goc
2026-08-01T08:03:24Z,highest-temperature-in-buenos-aires-on-august-2-2026,buenos-aires,2026-08-02,1,NO,15°C,0.73,13.7,10.0,0.135,14.7,16°C,won,13.7,3.56,2026-08-03T12:51:58Z,goc
2026-08-01T08:03:24Z,highest-temperature-in-nyc-on-august-2-2026,nyc,2026-08-02,1,NO,84-85°F,0.72,13.89,10.0,0.14,29.0,82-83°F,lost,0.0,-10.14,2026-08-03T12:51:58Z,goc
2026-08-01T08:03:24Z,highest-temperature-in-kuala-lumpur-on-august-3-2026,kuala-lumpur,2026-08-03,2,NO,32°C,0.71,14.08,10.0,0.145,31.5,34°C,won,14.08,3.94,2026-08-04T10:26:41Z,mo_rong
2026-08-01T08:03:24Z,highest-temperature-in-denver-on-august-2-2026,denver,2026-08-02,1,NO,102-103°F,0.66,15.15,10.0,0.17,38.7,100-101°F,won,15.15,4.98,2026-08-03T12:51:58Z,mo_rong
2026-08-01T08:03:24Z,highest-temperature-in-taipei-on-august-3-2026,taipei,2026-08-03,2,NO,36°C,0.68,14.71,10.0,0.16,36.1,37°C,won,14.71,4.55,2026-08-04T10:26:41Z,mo_rong
2026-08-01T08:03:24Z,highest-temperature-in-austin-on-august-2-2026,austin,2026-08-02,1,NO,100-101°F,0.65,15.38,10.0,0.1749,37.9,98-99°F,lost,0.0,-10.17,2026-08-03T12:51:58Z,mo_rong
2026-08-02T09:05:08Z,highest-temperature-in-beijing-on-august-3-2026,beijing,2026-08-03,1,NO,33°C,0.74,13.51,10.0,0.13,32.7,34°C,won,13.51,3.38,2026-08-04T10:26:41Z,goc
2026-08-02T09:05:08Z,highest-temperature-in-busan-on-august-3-2026,busan,2026-08-03,1,NO,35°C,0.74,13.51,10.0,0.13,35.2,36°C,won,13.51,3.38,2026-08-04T10:26:41Z,goc
2026-08-02T09:05:08Z,highest-temperature-in-helsinki-on-august-4-2026,helsinki,2026-08-04,2,NO,21°C,0.74,13.51,10.0,0.13,21.1,22°C,lost,0.0,-10.13,2026-08-05T10:22:43Z,goc
2026-08-02T09:05:08Z,highest-temperature-in-lucknow-on-august-4-2026,lucknow,2026-08-04,2,NO,30°C,0.74,13.51,10.0,0.13,29.7,31°C,won,13.51,3.38,2026-08-05T10:22:43Z,goc
2026-08-02T09:05:08Z,highest-temperature-in-jeddah-on-august-3-2026,jeddah,2026-08-03,1,NO,40°C,0.73,13.7,10.0,0.135,40.0,>=41°C,won,13.7,3.56,2026-08-04T10:26:41Z,goc
2026-08-02T09:05:08Z,highest-temperature-in-munich-on-august-4-2026,munich,2026-08-04,2,NO,36°C,0.73,13.7,10.0,0.135,36.2,35°C,won,13.7,3.56,2026-08-05T10:22:43Z,goc
2026-08-02T09:05:08Z,highest-temperature-in-moscow-on-august-4-2026,moscow,2026-08-04,2,NO,25°C,0.73,13.7,10.0,0.135,25.1,26°C,lost,0.0,-10.13,2026-08-05T10:22:43Z,goc
2026-08-02T09:05:08Z,highest-temperature-in-warsaw-on-august-3-2026,warsaw,2026-08-03,1,NO,30°C,0.72,13.89,10.0,0.14,29.7,29°C,won,13.89,3.75,2026-08-04T10:26:41Z,goc
2026-08-02T09:05:08Z,highest-temperature-in-milan-on-august-4-2026,milan,2026-08-04,2,NO,36°C,0.72,13.89,10.0,0.14,36.2,<=34°C,lost,0.0,-10.14,2026-08-05T10:22:43Z,goc
2026-08-02T09:05:08Z,highest-temperature-in-houston-on-august-3-2026,houston,2026-08-03,1,NO,98-99°F,0.72,13.89,10.0,0.14,37.2,96-97°F,won,13.89,3.75,2026-08-04T10:26:41Z,goc
2026-08-02T15:47:55Z,highest-temperature-in-hong-kong-on-august-4-2026,hong-kong,2026-08-04,2,NO,28°C,0.72,13.89,10.0,0.14,28.7,29°C,won,13.89,3.75,2026-08-05T10:22:43Z,goc
2026-08-02T15:47:55Z,highest-temperature-in-manila-on-august-4-2026,manila,2026-08-04,2,NO,29°C,0.71,14.08,10.0,0.145,28.7,28°C,won,14.08,3.94,2026-08-05T10:22:43Z,goc
2026-08-02T15:47:55Z,highest-temperature-in-warsaw-on-august-4-2026,warsaw,2026-08-04,2,NO,34°C,0.71,14.08,10.0,0.145,33.7,33°C,won,14.08,3.94,2026-08-05T10:22:43Z,mo_rong
2026-08-02T15:47:55Z,highest-temperature-in-wuhan-on-august-4-2026,wuhan,2026-08-04,2,NO,37°C,0.68,14.71,10.0,0.16,37.4,38°C,won,14.71,4.55,2026-08-05T10:22:43Z,mo_rong
2026-08-02T15:47:55Z,highest-temperature-in-ankara-on-august-4-2026,ankara,2026-08-04,2,NO,32°C,0.67,14.93,10.0,0.1651,32.2,33°C,won,14.93,4.76,2026-08-05T10:22:43Z,mo_rong
2026-08-02T15:47:55Z,highest-temperature-in-wuhan-on-august-3-2026,wuhan,2026-08-03,1,NO,37°C,0.64,15.62,10.0,0.1799,36.6,36°C,lost,0.0,-10.18,2026-08-04T10:26:41Z,mo_rong
2026-08-02T15:47:55Z,highest-temperature-in-helsinki-on-august-3-2026,helsinki,2026-08-03,1,NO,21°C,0.63,15.87,10.0,0.185,20.7,22°C,lost,0.0,-10.19,2026-08-04T10:26:41Z,mo_rong
2026-08-02T15:47:55Z,highest-temperature-in-dallas-on-august-3-2026,dallas,2026-08-03,1,NO,100-101°F,0.64,15.62,10.0,0.1799,38.4,98-99°F,won,15.62,5.44,2026-08-04T10:26:41Z,mo_rong
2026-08-03T12:51:58Z,highest-temperature-in-chicago-on-august-4-2026,chicago,2026-08-04,1,NO,86-87°F,0.74,13.51,10.0,0.13,30.6,84-85°F,won,13.51,3.38,2026-08-05T10:22:43Z,goc
2026-08-03T12:51:58Z,highest-temperature-in-hong-kong-on-august-5-2026,hong-kong,2026-08-05,2,NO,30°C,0.73,13.7,10.0,0.135,30.6,31°C,won,13.7,3.56,2026-08-06T10:24:36Z,goc
2026-08-03T12:51:58Z,highest-temperature-in-beijing-on-august-5-2026,beijing,2026-08-05,2,NO,35°C,0.74,13.51,10.0,0.13,34.6,36°C,won,13.51,3.38,2026-08-06T10:24:36Z,goc
2026-08-03T12:51:58Z,highest-temperature-in-manila-on-august-5-2026,manila,2026-08-05,2,NO,28°C,0.71,14.08,10.0,0.145,28.0,29°C,lost,0.0,-10.14,2026-08-06T10:24:36Z,goc
2026-08-03T12:51:58Z,highest-temperature-in-wellington-on-august-5-2026,wellington,2026-08-05,1,NO,8°C,0.69,14.49,10.0,0.155,8.2,9°C,won,14.49,4.33,2026-08-06T10:24:36Z,mo_rong
2026-08-03T12:51:58Z,highest-temperature-in-cape-town-on-august-5-2026,cape-town,2026-08-05,2,NO,18°C,0.71,14.08,10.0,0.145,17.7,17°C,won,14.08,3.94,2026-08-06T10:24:36Z,mo_rong
2026-08-03T12:51:58Z,highest-temperature-in-buenos-aires-on-august-4-2026,buenos-aires,2026-08-04,1,NO,17°C,0.69,14.49,10.0,0.155,16.6,16°C,won,14.49,4.33,2026-08-05T10:22:43Z,mo_rong
2026-08-03T12:51:58Z,highest-temperature-in-panama-city-on-august-4-2026,panama-city,2026-08-04,1,NO,31°C,0.69,14.49,10.0,0.155,31.4,32°C,won,14.49,4.33,2026-08-05T10:22:43Z,mo_rong
2026-08-03T12:51:58Z,highest-temperature-in-jeddah-on-august-4-2026,jeddah,2026-08-04,1,NO,39°C,0.69,14.49,10.0,0.155,38.7,>=40°C,won,14.49,4.33,2026-08-05T10:22:43Z,mo_rong
2026-08-03T12:51:58Z,highest-temperature-in-london-on-august-4-2026,london,2026-08-04,1,NO,28°C,0.66,15.15,10.0,0.17,27.6,29°C,won,15.15,4.98,2026-08-05T10:22:43Z,mo_rong
2026-08-04T10:26:41Z,highest-temperature-in-ankara-on-august-5-2026,ankara,2026-08-05,1,NO,31°C,0.74,13.51,10.0,0.13,31.2,32°C,won,13.51,3.38,2026-08-06T10:24:36Z,goc
2026-08-04T10:26:41Z,highest-temperature-in-helsinki-on-august-6-2026,helsinki,2026-08-06,2,NO,23°C,0.74,13.51,10.0,0.13,23.1,24°C,won,13.51,3.38,2026-08-07T06:02:18Z,goc
2026-08-04T10:26:41Z,highest-temperature-in-sao-paulo-on-august-5-2026,sao-paulo,2026-08-05,1,NO,27°C,0.73,13.7,10.0,0.135,27.2,28°C,won,13.7,3.56,2026-08-06T10:24:36Z,goc
2026-08-04T10:26:41Z,highest-temperature-in-atlanta-on-august-5-2026,atlanta,2026-08-05,1,NO,84-85°F,0.72,13.89,10.0,0.14,29.4,86-87°F,won,13.89,3.75,2026-08-06T10:24:36Z,goc
2026-08-04T10:26:41Z,highest-temperature-in-london-on-august-6-2026,london,2026-08-06,2,NO,23°C,0.72,13.89,10.0,0.14,22.7,22°C,lost,0.0,-10.14,2026-08-07T06:02:18Z,goc
2026-08-04T10:26:41Z,highest-temperature-in-madrid-on-august-6-2026,madrid,2026-08-06,2,NO,36°C,0.69,14.49,10.0,0.155,36.1,37°C,won,14.49,4.33,2026-08-07T06:02:18Z,mo_rong
2026-08-04T10:26:41Z,highest-temperature-in-chongqing-on-august-5-2026,chongqing,2026-08-05,1,NO,33°C,0.67,14.93,10.0,0.1651,32.8,34°C,won,14.93,4.76,2026-08-06T10:24:36Z,mo_rong
2026-08-04T10:26:41Z,highest-temperature-in-mexico-city-on-august-5-2026,mexico-city,2026-08-05,1,NO,27°C,0.67,14.93,10.0,0.1651,26.9,26°C,won,14.93,4.76,2026-08-06T10:24:36Z,mo_rong
2026-08-04T10:26:41Z,highest-temperature-in-wellington-on-august-6-2026,wellington,2026-08-06,2,NO,10°C,0.65,15.38,10.0,0.1749,9.6,11°C,lost,0.0,-10.17,2026-08-07T06:02:18Z,mo_rong
2026-08-04T10:26:41Z,highest-temperature-in-shanghai-on-august-5-2026,shanghai,2026-08-05,1,NO,33°C,0.64,15.62,10.0,0.1799,32.7,34°C,lost,0.0,-10.18,2026-08-06T10:24:36Z,mo_rong
2026-08-04T18:16:36Z,highest-temperature-in-ankara-on-august-6-2026,ankara,2026-08-06,2,NO,32°C,0.65,15.38,10.0,0.1749,31.8,33°C,lost,0.0,-10.17,2026-08-07T06:02:18Z,mo_rong
2026-08-04T18:16:36Z,highest-temperature-in-milan-on-august-5-2026,milan,2026-08-05,1,NO,37°C,0.63,15.87,10.0,0.185,36.9,36°C,won,15.87,5.68,2026-08-06T10:24:36Z,mo_rong
2026-08-05T10:22:43Z,highest-temperature-in-miami-on-august-6-2026,miami,2026-08-06,1,NO,86-87°F,0.74,13.51,10.0,0.13,29.9,88-89°F,won,13.51,3.38,2026-08-07T15:13:43Z,goc
2026-08-05T10:22:43Z,highest-temperature-in-ankara-on-august-7-2026,ankara,2026-08-07,2,NO,33°C,0.74,13.51,10.0,0.13,33.3,34°C,lost,0.0,-10.13,2026-08-08T04:27:19Z,goc
2026-08-05T10:22:43Z,highest-temperature-in-cape-town-on-august-6-2026,cape-town,2026-08-06,1,NO,15°C,0.72,13.89,10.0,0.14,14.7,16°C,won,13.89,3.75,2026-08-07T06:02:18Z,goc
2026-08-05T10:22:43Z,highest-temperature-in-toronto-on-august-6-2026,toronto,2026-08-06,1,NO,29°C,0.72,13.89,10.0,0.14,29.3,28°C,lost,0.0,-10.14,2026-08-07T06:02:18Z,goc
2026-08-05T10:22:43Z,highest-temperature-in-atlanta-on-august-6-2026,atlanta,2026-08-06,1,NO,86-87°F,0.72,13.89,10.0,0.14,30.2,88-89°F,won,13.89,3.75,2026-08-07T06:02:18Z,goc
2026-08-05T10:22:43Z,highest-temperature-in-qingdao-on-august-7-2026,qingdao,2026-08-07,2,NO,36°C,0.73,13.7,10.0,0.135,35.9,37°C,won,13.7,3.56,2026-08-08T04:27:19Z,goc
2026-08-05T10:22:43Z,highest-temperature-in-lucknow-on-august-7-2026,lucknow,2026-08-07,2,NO,32°C,0.72,13.89,10.0,0.14,32.0,33°C,lost,0.0,-10.14,2026-08-08T04:27:19Z,goc
2026-08-05T10:22:43Z,highest-temperature-in-manila-on-august-7-2026,manila,2026-08-07,2,NO,28°C,0.72,13.89,10.0,0.14,28.5,29°C,won,13.89,3.75,2026-08-08T04:27:19Z,goc
2026-08-05T10:22:43Z,highest-temperature-in-karachi-on-august-6-2026,karachi,2026-08-06,1,NO,32°C,0.7,14.29,10.0,0.15,32.3,33°C,won,14.29,4.14,2026-08-07T06:02:18Z,mo_rong
2026-08-05T10:22:43Z,highest-temperature-in-tel-aviv-on-august-7-2026,tel-aviv,2026-08-07,2,NO,31°C,0.7,14.29,10.0,0.15,30.9,32°C,won,14.29,4.14,2026-08-08T04:27:19Z,mo_rong
2026-08-05T17:14:12Z,highest-temperature-in-paris-on-august-6-2026,paris,2026-08-06,1,NO,26°C,0.68,14.71,10.0,0.16,25.5,25°C,won,14.71,4.55,2026-08-07T06:02:18Z,mo_rong
2026-08-05T17:14:12Z,highest-temperature-in-mexico-city-on-august-6-2026,mexico-city,2026-08-06,1,NO,27°C,0.68,14.71,10.0,0.16,26.9,26°C,won,14.71,4.55,2026-08-07T15:13:43Z,mo_rong
2026-08-05T17:14:12Z,highest-temperature-in-los-angeles-on-august-6-2026,los-angeles,2026-08-06,1,NO,76-77°F,0.64,15.62,10.0,0.1799,25.0,78-79°F,lost,0.0,-10.18,2026-08-07T15:13:43Z,mo_rong
2026-08-05T17:14:12Z,highest-temperature-in-milan-on-august-7-2026,milan,2026-08-07,2,NO,33°C,0.63,15.87,10.0,0.185,33.1,34°C,lost,0.0,-10.19,2026-08-08T04:27:19Z,mo_rong
2026-08-06T10:24:36Z,highest-temperature-in-shenzhen-on-august-7-2026,shenzhen,2026-08-07,1,NO,35°C,0.73,13.7,10.0,0.135,34.6,34°C,lost,0.0,-10.13,2026-08-08T04:27:19Z,goc
2026-08-06T10:24:36Z,highest-temperature-in-toronto-on-august-7-2026,toronto,2026-08-07,1,NO,25°C,0.73,13.7,10.0,0.135,25.1,26°C,won,13.7,3.56,2026-08-08T14:09:24Z,goc
2026-08-06T10:24:36Z,highest-temperature-in-san-francisco-on-august-7-2026,san-francisco,2026-08-07,1,NO,72-73°F,0.71,14.08,10.0,0.145,22.2,70-71°F,won,14.08,3.94,2026-08-08T14:09:24Z,goc
2026-08-06T10:24:36Z,highest-temperature-in-warsaw-on-august-8-2026,warsaw,2026-08-08,2,NO,24°C,0.72,13.89,10.0,0.14,23.7,23°C,won,13.89,3.75,2026-08-09T13:15:27Z,goc
2026-08-06T10:24:36Z,highest-temperature-in-atlanta-on-august-7-2026,atlanta,2026-08-07,1,NO,86-87°F,0.69,14.49,10.0,0.155,30.4,88-89°F,lost,0.0,-10.15,2026-08-08T14:09:24Z,mo_rong
2026-08-06T10:24:36Z,highest-temperature-in-wuhan-on-august-7-2026,wuhan,2026-08-07,1,NO,36°C,0.7,14.29,10.0,0.15,35.7,37°C,won,14.29,4.14,2026-08-08T04:27:19Z,mo_rong
2026-08-06T10:24:36Z,highest-temperature-in-houston-on-august-7-2026,houston,2026-08-07,1,NO,92-93°F,0.68,14.71,10.0,0.16,33.8,94-95°F,lost,0.0,-10.16,2026-08-08T14:09:24Z,mo_rong
2026-08-06T10:24:36Z,highest-temperature-in-amsterdam-on-august-8-2026,amsterdam,2026-08-08,2,NO,26°C,0.69,14.49,10.0,0.155,26.1,25°C,won,14.49,4.33,2026-08-09T02:31:37Z,mo_rong
2026-08-06T10:24:36Z,highest-temperature-in-denver-on-august-7-2026,denver,2026-08-07,1,NO,98-99°F,0.67,14.93,10.0,0.1651,37.0,96-97°F,won,14.93,4.76,2026-08-08T14:09:24Z,mo_rong
2026-08-06T10:24:36Z,highest-temperature-in-los-angeles-on-august-7-2026,los-angeles,2026-08-07,1,NO,76-77°F,0.66,15.15,10.0,0.17,25.0,78-79°F,won,15.15,4.98,2026-08-08T14:09:24Z,mo_rong
2026-08-07T06:02:18Z,highest-temperature-in-qingdao-on-august-8-2026,qingdao,2026-08-08,1,NO,36°C,0.74,13.51,10.0,0.13,35.9,35°C,won,13.51,3.38,2026-08-09T02:31:37Z,goc
2026-08-07T06:02:18Z,highest-temperature-in-manila-on-august-8-2026,manila,2026-08-08,1,NO,28°C,0.72,13.89,10.0,0.14,28.2,29°C,lost,0.0,-10.14,2026-08-09T02:31:37Z,goc
2026-08-07T06:02:18Z,highest-temperature-in-lucknow-on-august-8-2026,lucknow,2026-08-08,1,NO,33°C,0.73,13.7,10.0,0.135,33.0,34°C,won,13.7,3.56,2026-08-09T02:31:37Z,goc
2026-08-07T06:02:18Z,highest-temperature-in-atlanta-on-august-8-2026,atlanta,2026-08-08,1,NO,88-89°F,0.71,14.08,10.0,0.145,30.9,90-91°F,won,14.08,3.94,2026-08-09T13:15:27Z,goc
2026-08-07T06:02:18Z,highest-temperature-in-toronto-on-august-8-2026,toronto,2026-08-08,1,NO,29°C,0.72,13.89,10.0,0.14,29.2,30°C,won,13.89,3.75,2026-08-09T13:15:27Z,mo_rong
2026-08-07T06:02:18Z,highest-temperature-in-chicago-on-august-8-2026,chicago,2026-08-08,1,NO,84-85°F,0.7,14.29,10.0,0.15,29.7,82-83°F,lost,0.0,-10.15,2026-08-09T13:15:27Z,mo_rong
2026-08-07T06:02:18Z,highest-temperature-in-panama-city-on-august-8-2026,panama-city,2026-08-08,1,NO,33°C,0.69,14.49,10.0,0.155,32.7,34°C,lost,0.0,-10.15,2026-08-09T13:15:27Z,mo_rong
2026-08-07T06:02:18Z,highest-temperature-in-tokyo-on-august-9-2026,tokyo,2026-08-09,2,NO,33°C,0.68,14.71,10.0,0.16,32.8,32°C,lost,0.0,-10.16,2026-08-10T02:36:10Z,mo_rong
2026-08-07T06:02:18Z,highest-temperature-in-paris-on-august-8-2026,paris,2026-08-08,1,NO,30°C,0.66,15.15,10.0,0.17,30.3,31°C,won,15.15,4.98,2026-08-09T02:31:37Z,mo_rong
2026-08-07T06:02:18Z,highest-temperature-in-moscow-on-august-8-2026,moscow,2026-08-08,1,NO,25°C,0.6,16.67,10.0,0.2,25.1,24°C,won,16.67,6.47,2026-08-09T02:31:37Z,mo_rong
2026-08-08T04:27:19Z,highest-temperature-in-qingdao-on-august-9-2026,qingdao,2026-08-09,1,NO,32°C,0.74,13.51,10.0,0.13,32.4,33°C,lost,0.0,-10.13,2026-08-10T02:36:10Z,goc
2026-08-08T04:27:19Z,highest-temperature-in-toronto-on-august-9-2026,toronto,2026-08-09,1,NO,29°C,0.74,13.51,10.0,0.13,28.7,28°C,won,13.51,3.38,2026-08-10T13:43:33Z,goc
2026-08-08T04:27:19Z,highest-temperature-in-ankara-on-august-9-2026,ankara,2026-08-09,1,NO,31°C,0.72,13.89,10.0,0.14,31.2,32°C,lost,0.0,-10.14,2026-08-10T13:43:33Z,goc
2026-08-08T04:27:19Z,highest-temperature-in-beijing-on-august-9-2026,beijing,2026-08-09,1,NO,31°C,0.72,13.89,10.0,0.14,31.1,32°C,won,13.89,3.75,2026-08-10T02:36:10Z,goc
2026-08-08T04:27:19Z,highest-temperature-in-seattle-on-august-9-2026,seattle,2026-08-09,2,NO,78-79°F,0.7,14.29,10.0,0.15,26.0,76-77°F,won,14.29,4.14,2026-08-10T13:43:33Z,mo_rong
2026-08-08T04:27:19Z,highest-temperature-in-shenzhen-on-august-9-2026,shenzhen,2026-08-09,1,NO,36°C,0.69,14.49,10.0,0.155,35.7,37°C,lost,0.0,-10.15,2026-08-10T02:36:10Z,mo_rong
2026-08-08T04:27:19Z,highest-temperature-in-atlanta-on-august-9-2026,atlanta,2026-08-09,1,NO,90-91°F,0.69,14.49,10.0,0.155,32.3,92-93°F,lost,0.0,-10.15,2026-08-10T13:43:33Z,mo_rong
2026-08-08T04:27:19Z,highest-temperature-in-istanbul-on-august-9-2026,istanbul,2026-08-09,1,NO,28°C,0.69,14.49,10.0,0.155,28.0,27°C,won,14.49,4.33,2026-08-10T02:36:10Z,mo_rong
2026-08-08T04:27:19Z,highest-temperature-in-london-on-august-9-2026,london,2026-08-09,1,NO,32°C,0.66,15.15,10.0,0.17,31.9,31°C,won,15.15,4.98,2026-08-10T02:36:10Z,mo_rong
2026-08-08T04:27:19Z,highest-temperature-in-moscow-on-august-9-2026,moscow,2026-08-09,1,NO,23°C,0.66,15.15,10.0,0.17,22.6,22°C,won,15.15,4.98,2026-08-10T13:43:33Z,mo_rong
2026-08-08T14:09:24Z,highest-temperature-in-madrid-on-august-10-2026,madrid,2026-08-10,2,NO,36°C,0.73,13.7,10.0,0.135,35.8,37°C,won,13.7,3.56,2026-08-11T02:31:07Z,goc
2026-08-08T14:09:24Z,highest-temperature-in-london-on-august-10-2026,london,2026-08-10,2,NO,26°C,0.71,14.08,10.0,0.145,26.5,27°C,lost,0.0,-10.14,2026-08-11T02:31:07Z,goc
2026-08-08T14:09:24Z,highest-temperature-in-warsaw-on-august-10-2026,warsaw,2026-08-10,2,NO,31°C,0.72,13.89,10.0,0.14,30.9,30°C,won,13.89,3.75,2026-08-11T02:31:07Z,goc
2026-08-08T14:09:24Z,highest-temperature-in-amsterdam-on-august-10-2026,amsterdam,2026-08-10,2,NO,24°C,0.71,14.08,10.0,0.145,23.5,23°C,won,14.08,3.94,2026-08-11T02:31:07Z,goc
2026-08-08T14:09:24Z,highest-temperature-in-munich-on-august-10-2026,munich,2026-08-10,2,NO,33°C,0.69,14.49,10.0,0.155,33.0,34°C,won,14.49,4.33,2026-08-11T02:31:07Z,mo_rong
2026-08-08T14:09:24Z,highest-temperature-in-seattle-on-august-8-2026,seattle,2026-08-08,1,NO,82-83°F,0.66,15.15,10.0,0.17,28.1,80-81°F,lost,0.0,-10.17,2026-08-09T13:15:27Z,mo_rong
2026-08-08T14:09:24Z,highest-temperature-in-seoul-on-august-10-2026,seoul,2026-08-10,2,NO,29°C,0.63,15.87,10.0,0.185,28.9,30°C,won,15.87,5.68,2026-08-11T02:31:07Z,mo_rong
2026-08-09T02:31:37Z,highest-temperature-in-nyc-on-august-9-2026,nyc,2026-08-09,1,NO,94-95°F,0.74,13.51,10.0,0.13,34.2,92-93°F,won,13.51,3.38,2026-08-10T13:43:33Z,goc
2026-08-09T02:31:37Z,highest-temperature-in-austin-on-august-9-2026,austin,2026-08-09,1,NO,96-97°F,0.73,13.7,10.0,0.135,36.0,98-99°F,won,13.7,3.56,2026-08-10T13:43:33Z,goc
2026-08-09T02:31:37Z,highest-temperature-in-panama-city-on-august-9-2026,panama-city,2026-08-09,1,NO,32°C,0.72,13.89,10.0,0.14,31.8,33°C,lost,0.0,-10.14,2026-08-10T13:43:33Z,goc
2026-08-09T02:31:37Z,highest-temperature-in-helsinki-on-august-10-2026,helsinki,2026-08-10,1,NO,22°C,0.72,13.89,10.0,0.14,21.8,23°C,won,13.89,3.75,2026-08-11T02:31:07Z,goc
2026-08-09T02:31:37Z,highest-temperature-in-shanghai-on-august-10-2026,shanghai,2026-08-10,1,NO,28°C,0.72,13.89,10.0,0.14,27.9,29°C,lost,0.0,-10.14,2026-08-11T02:31:07Z,goc
2026-08-09T02:31:37Z,highest-temperature-in-houston-on-august-10-2026,houston,2026-08-10,2,NO,88-89°F,0.71,14.08,10.0,0.145,31.5,90-91°F,won,14.08,3.94,2026-08-11T13:42:06Z,mo_rong
2026-08-09T02:31:37Z,highest-temperature-in-denver-on-august-9-2026,denver,2026-08-09,1,NO,98-99°F,0.66,15.15,10.0,0.17,36.9,96-97°F,lost,0.0,-10.17,2026-08-10T13:43:33Z,mo_rong
2026-08-09T02:31:37Z,highest-temperature-in-buenos-aires-on-august-10-2026,buenos-aires,2026-08-10,2,NO,12°C,0.74,13.51,10.0,0.13,11.6,13°C,won,13.51,3.38,2026-08-11T13:42:06Z,mo_rong
2026-08-09T02:31:37Z,highest-temperature-in-austin-on-august-10-2026,austin,2026-08-10,2,NO,98-99°F,0.67,14.93,10.0,0.1651,36.4,96-97°F,won,14.93,4.76,2026-08-11T13:42:06Z,mo_rong
2026-08-09T02:31:37Z,highest-temperature-in-dallas-on-august-9-2026,dallas,2026-08-09,1,NO,100-101°F,0.56,17.86,10.0,0.22,37.8,98-99°F,won,17.86,7.64,2026-08-10T13:43:33Z,mo_rong
2026-08-09T13:15:27Z,highest-temperature-in-chongqing-on-august-11-2026,chongqing,2026-08-11,2,NO,36°C,0.73,13.7,10.0,0.135,35.8,37°C,won,13.7,3.56,2026-08-12T02:47:17Z,goc
2026-08-09T13:15:27Z,highest-temperature-in-wuhan-on-august-11-2026,wuhan,2026-08-11,2,NO,28°C,0.72,13.89,10.0,0.14,28.5,29°C,won,13.89,3.75,2026-08-12T02:47:17Z,goc
2026-08-09T13:15:27Z,highest-temperature-in-hong-kong-on-august-11-2026,hong-kong,2026-08-11,2,NO,34°C,0.71,14.08,10.0,0.145,34.2,35°C,won,14.08,3.94,2026-08-12T13:45:12Z,goc
2026-08-09T13:15:27Z,highest-temperature-in-shanghai-on-august-11-2026,shanghai,2026-08-11,2,NO,29°C,0.71,14.08,10.0,0.145,28.9,30°C,lost,0.0,-10.14,2026-08-12T02:47:17Z,mo_rong
2026-08-09T13:15:27Z,highest-temperature-in-warsaw-on-august-11-2026,warsaw,2026-08-11,2,NO,23°C,0.69,14.49,10.0,0.155,23.4,22°C,won,14.49,4.33,2026-08-12T02:47:17Z,mo_rong
2026-08-09T13:15:27Z,highest-temperature-in-paris-on-august-11-2026,paris,2026-08-11,2,NO,31°C,0.69,14.49,10.0,0.155,31.3,32°C,won,14.49,4.33,2026-08-12T02:47:17Z,mo_rong
2026-08-09T13:15:27Z,highest-temperature-in-lucknow-on-august-11-2026,lucknow,2026-08-11,2,NO,33°C,0.71,14.08,10.0,0.145,33.1,34°C,won,14.08,3.94,2026-08-12T02:47:17Z,mo_rong
2026-08-10T02:36:10Z,highest-temperature-in-seattle-on-august-10-2026,seattle,2026-08-10,1,NO,78-79°F,0.74,13.51,10.0,0.13,25.7,76-77°F,won,13.51,3.38,2026-08-11T13:42:06Z,goc
2026-08-10T02:36:10Z,highest-temperature-in-beijing-on-august-11-2026,beijing,2026-08-11,1,NO,33°C,0.73,13.7,10.0,0.135,33.4,34°C,lost,0.0,-10.13,2026-08-12T02:47:17Z,goc
2026-08-10T02:36:10Z,highest-temperature-in-busan-on-august-11-2026,busan,2026-08-11,1,NO,29°C,0.71,14.08,10.0,0.145,28.9,30°C,won,14.08,3.94,2026-08-12T02:47:17Z,goc
2026-08-10T02:36:10Z,highest-temperature-in-sao-paulo-on-august-10-2026,sao-paulo,2026-08-10,1,NO,18°C,0.7,14.29,10.0,0.15,18.1,17°C,lost,0.0,-10.15,2026-08-11T13:42:06Z,mo_rong
2026-08-10T02:36:10Z,highest-temperature-in-shenzhen-on-august-11-2026,shenzhen,2026-08-11,1,NO,35°C,0.71,14.08,10.0,0.145,35.1,36°C,won,14.08,3.94,2026-08-12T02:47:17Z,mo_rong
2026-08-10T02:36:10Z,highest-temperature-in-sao-paulo-on-august-11-2026,sao-paulo,2026-08-11,2,NO,16°C,0.71,14.08,10.0,0.145,16.1,17°C,won,14.08,3.94,2026-08-12T13:45:12Z,mo_rong
2026-08-10T02:36:10Z,highest-temperature-in-milan-on-august-11-2026,milan,2026-08-11,1,NO,37°C,0.67,14.93,10.0,0.1651,36.7,36°C,won,14.93,4.76,2026-08-12T02:47:17Z,mo_rong
2026-08-10T02:36:10Z,highest-temperature-in-denver-on-august-10-2026,denver,2026-08-10,1,NO,94-95°F,0.65,15.38,10.0,0.1749,34.4,96-97°F,won,15.38,5.21,2026-08-11T13:42:06Z,mo_rong
2026-08-10T02:36:10Z,highest-temperature-in-london-on-august-11-2026,london,2026-08-11,1,NO,24°C,0.63,15.87,10.0,0.185,24.4,25°C,lost,0.0,-10.19,2026-08-12T13:45:12Z,mo_rong
2026-08-10T02:36:10Z,highest-temperature-in-kuala-lumpur-on-august-11-2026,kuala-lumpur,2026-08-11,1,NO,32°C,0.65,15.38,10.0,0.1749,31.8,33°C,lost,0.0,-10.17,2026-08-12T02:47:17Z,mo_rong
2026-08-10T13:43:33Z,highest-temperature-in-beijing-on-august-12-2026,beijing,2026-08-12,2,NO,26°C,0.71,14.08,10.0,0.145,25.7,27°C,won,14.08,3.94,2026-08-13T02:48:36Z,mo_rong
2026-08-10T13:43:33Z,highest-temperature-in-shenzhen-on-august-12-2026,shenzhen,2026-08-12,2,NO,34°C,0.71,14.08,10.0,0.145,34.4,35°C,won,14.08,3.94,2026-08-13T02:48:36Z,mo_rong
2026-08-10T13:43:33Z,highest-temperature-in-madrid-on-august-12-2026,madrid,2026-08-12,2,NO,38°C,0.69,14.49,10.0,0.155,37.9,39°C,lost,0.0,-10.15,2026-08-13T02:48:36Z,mo_rong
2026-08-10T13:43:33Z,highest-temperature-in-qingdao-on-august-12-2026,qingdao,2026-08-12,2,NO,31°C,0.7,14.29,10.0,0.15,30.7,30°C,won,14.29,4.14,2026-08-13T02:48:36Z,mo_rong
2026-08-10T13:43:33Z,highest-temperature-in-karachi-on-august-11-2026,karachi,2026-08-11,1,NO,32°C,0.58,17.24,10.0,0.21,31.5,33°C,lost,0.0,-10.21,2026-08-12T02:47:17Z,mo_rong
2026-08-10T13:43:33Z,highest-temperature-in-austin-on-august-11-2026,austin,2026-08-11,2,NO,100-101°F,0.73,13.7,10.0,0.135,38.4,98-99°F,lost,0.0,-10.13,2026-08-12T13:45:12Z,mo_rong
2026-08-11T02:31:07Z,highest-temperature-in-shanghai-on-august-12-2026,shanghai,2026-08-12,1,NO,28°C,0.71,14.08,10.0,0.145,28.2,29°C,won,14.08,3.94,2026-08-13T02:48:36Z,goc
2026-08-11T02:31:07Z,highest-temperature-in-karachi-on-august-12-2026,karachi,2026-08-12,1,NO,32°C,0.71,14.08,10.0,0.145,31.7,33°C,won,14.08,3.94,2026-08-13T02:48:36Z,goc
2026-08-11T02:31:07Z,highest-temperature-in-buenos-aires-on-august-11-2026,buenos-aires,2026-08-11,1,NO,11°C,0.72,13.89,10.0,0.14,11.3,12°C,won,13.89,3.75,2026-08-12T13:45:12Z,mo_rong
2026-08-11T02:31:07Z,highest-temperature-in-nyc-on-august-11-2026,nyc,2026-08-11,1,NO,90-91°F,0.7,14.29,10.0,0.15,32.4,88-89°F,won,14.29,4.14,2026-08-12T13:45:12Z,mo_rong
2026-08-11T02:31:07Z,highest-temperature-in-atlanta-on-august-11-2026,atlanta,2026-08-11,1,NO,90-91°F,0.69,14.49,10.0,0.155,32.5,92-93°F,won,14.49,4.33,2026-08-12T13:45:12Z,mo_rong
2026-08-11T02:31:07Z,highest-temperature-in-ankara-on-august-12-2026,ankara,2026-08-12,1,NO,31°C,0.69,14.49,10.0,0.155,31.0,32°C,won,14.49,4.33,2026-08-13T02:48:36Z,mo_rong
2026-08-11T02:31:07Z,highest-temperature-in-warsaw-on-august-12-2026,warsaw,2026-08-12,1,NO,24°C,0.68,14.71,10.0,0.16,23.5,23°C,won,14.71,4.55,2026-08-13T02:48:36Z,mo_rong
2026-08-11T02:31:07Z,highest-temperature-in-helsinki-on-august-12-2026,helsinki,2026-08-12,1,NO,18°C,0.68,14.71,10.0,0.16,17.9,19°C,won,14.71,4.55,2026-08-13T02:48:36Z,mo_rong
2026-08-11T02:31:07Z,highest-temperature-in-chongqing-on-august-12-2026,chongqing,2026-08-12,1,NO,37°C,0.68,14.71,10.0,0.16,36.9,36°C,won,14.71,4.55,2026-08-13T02:48:36Z,mo_rong
2026-08-11T02:31:07Z,highest-temperature-in-paris-on-august-12-2026,paris,2026-08-12,1,NO,36°C,0.67,14.93,10.0,0.1651,35.5,35°C,won,14.93,4.76,2026-08-13T02:48:36Z,mo_rong
2026-08-11T13:42:06Z,highest-temperature-in-wellington-on-august-13-2026,wellington,2026-08-13,1,NO,14°C,0.73,13.7,10.0,0.135,14.3,15°C,won,13.7,3.56,2026-08-14T02:47:24Z,goc
2026-08-11T13:42:06Z,highest-temperature-in-ankara-on-august-13-2026,ankara,2026-08-13,2,NO,30°C,0.74,13.51,10.0,0.13,30.1,31°C,lost,0.0,-10.13,2026-08-14T02:47:24Z,goc
2026-08-11T13:42:06Z,highest-temperature-in-london-on-august-13-2026,london,2026-08-13,2,NO,35°C,0.68,14.71,10.0,0.16,35.4,36°C,won,14.71,4.55,2026-08-14T02:47:24Z,mo_rong
2026-08-11T13:42:06Z,highest-temperature-in-qingdao-on-august-13-2026,qingdao,2026-08-13,2,NO,31°C,0.66,15.15,10.0,0.17,30.8,30°C,won,15.15,4.98,2026-08-14T02:47:24Z,mo_rong
2026-08-11T13:42:06Z,highest-temperature-in-istanbul-on-august-13-2026,istanbul,2026-08-13,2,NO,28°C,0.62,16.13,10.0,0.19,28.5,27°C,won,16.13,5.94,2026-08-14T02:47:24Z,mo_rong
2026-08-11T13:42:06Z,highest-temperature-in-houston-on-august-12-2026,houston,2026-08-12,2,NO,96-97°F,0.68,14.71,10.0,0.16,35.7,94-95°F,won,14.71,4.55,2026-08-13T13:45:54Z,mo_rong
2026-08-12T02:47:17Z,highest-temperature-in-toronto-on-august-12-2026,toronto,2026-08-12,1,NO,27°C,0.74,13.51,10.0,0.13,26.6,26°C,lost,0.0,-10.13,2026-08-13T13:45:54Z,goc
2026-08-12T02:47:17Z,highest-temperature-in-nyc-on-august-12-2026,nyc,2026-08-12,1,NO,88-89°F,0.73,13.7,10.0,0.135,31.5,86-87°F,won,13.7,3.56,2026-08-13T13:45:54Z,goc
2026-08-12T02:47:17Z,highest-temperature-in-chongqing-on-august-13-2026,chongqing,2026-08-13,1,NO,37°C,0.72,13.89,10.0,0.14,36.6,36°C,won,13.89,3.75,2026-08-14T02:47:24Z,goc
2026-08-12T02:47:17Z,highest-temperature-in-moscow-on-august-13-2026,moscow,2026-08-13,1,NO,15°C,0.73,13.7,10.0,0.135,15.2,16°C,won,13.7,3.56,2026-08-14T02:47:24Z,goc
2026-08-12T02:47:17Z,highest-temperature-in-san-francisco-on-august-13-2026,san-francisco,2026-08-13,2,NO,68-69°F,0.72,13.89,10.0,0.14,20.2,66-67°F,won,13.89,3.75,2026-08-14T13:41:21Z,goc
2026-08-12T02:47:17Z,highest-temperature-in-panama-city-on-august-12-2026,panama-city,2026-08-12,1,NO,32°C,0.69,14.49,10.0,0.155,32.4,33°C,won,14.49,4.33,2026-08-13T13:45:54Z,mo_rong
2026-08-12T02:47:17Z,highest-temperature-in-shenzhen-on-august-13-2026,shenzhen,2026-08-13,1,NO,33°C,0.69,14.49,10.0,0.155,33.3,34°C,won,14.49,4.33,2026-08-14T02:47:24Z,mo_rong
2026-08-12T02:47:17Z,highest-temperature-in-munich-on-august-13-2026,munich,2026-08-13,1,NO,30°C,0.63,15.87,10.0,0.185,29.7,31°C,won,15.87,5.68,2026-08-14T02:47:24Z,mo_rong
2026-08-12T13:45:12Z,highest-temperature-in-shanghai-on-august-14-2026,shanghai,2026-08-14,2,NO,28°C,0.73,13.7,10.0,0.135,28.3,29°C,lost,0.0,-10.13,2026-08-15T01:53:48Z,goc
2026-08-12T13:45:12Z,highest-temperature-in-amsterdam-on-august-14-2026,amsterdam,2026-08-14,2,NO,34°C,0.74,13.51,10.0,0.13,33.9,33°C,lost,0.0,-10.13,2026-08-15T01:53:48Z,goc
2026-08-12T13:45:12Z,highest-temperature-in-london-on-august-14-2026,london,2026-08-14,2,NO,32°C,0.71,14.08,10.0,0.145,31.6,33°C,won,14.08,3.94,2026-08-15T01:53:48Z,goc
2026-08-12T13:45:12Z,highest-temperature-in-madrid-on-august-14-2026,madrid,2026-08-14,2,NO,38°C,0.7,14.29,10.0,0.15,38.4,39°C,won,14.29,4.14,2026-08-15T01:53:48Z,mo_rong
2026-08-12T13:45:12Z,highest-temperature-in-wellington-on-august-14-2026,wellington,2026-08-14,1,NO,13°C,0.69,14.49,10.0,0.155,13.2,14°C,lost,0.0,-10.15,2026-08-15T01:53:48Z,mo_rong
2026-08-12T13:45:12Z,highest-temperature-in-munich-on-august-14-2026,munich,2026-08-14,2,NO,32°C,0.69,14.49,10.0,0.155,31.5,33°C,won,14.49,4.33,2026-08-15T01:53:48Z,mo_rong
2026-08-12T13:45:12Z,highest-temperature-in-tel-aviv-on-august-14-2026,tel-aviv,2026-08-14,2,NO,32°C,0.67,14.93,10.0,0.1651,31.7,33°C,lost,0.0,-10.17,2026-08-15T01:53:48Z,mo_rong
2026-08-12T13:45:12Z,highest-temperature-in-lucknow-on-august-14-2026,lucknow,2026-08-14,2,NO,32°C,0.67,14.93,10.0,0.1651,31.6,33°C,won,14.93,4.76,2026-08-15T01:53:48Z,mo_rong
2026-08-12T13:45:12Z,highest-temperature-in-paris-on-august-14-2026,paris,2026-08-14,2,NO,38°C,0.64,15.62,10.0,0.1799,38.3,39°C,won,15.62,5.44,2026-08-15T01:53:48Z,mo_rong
2026-08-13T02:48:36Z,highest-temperature-in-panama-city-on-august-13-2026,panama-city,2026-08-13,1,NO,32°C,0.74,13.51,10.0,0.13,31.8,33°C,won,13.51,3.38,2026-08-14T13:41:21Z,goc
2026-08-13T02:48:36Z,highest-temperature-in-helsinki-on-august-14-2026,helsinki,2026-08-14,1,NO,20°C,0.74,13.51,10.0,0.13,20.2,21°C,lost,0.0,-10.13,2026-08-15T01:53:48Z,goc
2026-08-13T02:48:36Z,highest-temperature-in-sao-paulo-on-august-13-2026,sao-paulo,2026-08-13,1,NO,29°C,0.72,13.89,10.0,0.14,29.4,30°C,won,13.89,3.75,2026-08-14T13:41:21Z,goc
2026-08-13T02:48:36Z,highest-temperature-in-mexico-city-on-august-13-2026,mexico-city,2026-08-13,1,NO,26°C,0.71,14.08,10.0,0.145,26.2,25°C,lost,0.0,-10.14,2026-08-14T13:41:21Z,goc
2026-08-13T02:48:36Z,highest-temperature-in-miami-on-august-14-2026,miami,2026-08-14,2,NO,90-91°F,0.73,13.7,10.0,0.135,32.5,92-93°F,won,13.7,3.56,2026-08-15T12:56:55Z,goc
2026-08-13T02:48:36Z,highest-temperature-in-san-francisco-on-august-14-2026,san-francisco,2026-08-14,2,NO,68-69°F,0.71,14.08,10.0,0.145,20.5,66-67°F,won,14.08,3.94,2026-08-15T12:56:55Z,goc
2026-08-13T02:48:36Z,highest-temperature-in-houston-on-august-14-2026,houston,2026-08-14,2,NO,94-95°F,0.69,14.49,10.0,0.155,34.6,92-93°F,won,14.49,4.33,2026-08-15T12:56:55Z,mo_rong
2026-08-13T02:48:36Z,highest-temperature-in-los-angeles-on-august-14-2026,los-angeles,2026-08-14,2,NO,76-77°F,0.72,13.89,10.0,0.14,24.6,74-75°F,won,13.89,3.75,2026-08-15T12:56:55Z,mo_rong
2026-08-13T02:48:36Z,highest-temperature-in-milan-on-august-14-2026,milan,2026-08-14,1,NO,35°C,0.6,16.67,10.0,0.2,34.9,34°C,won,16.67,6.47,2026-08-15T01:53:48Z,mo_rong
2026-08-13T02:48:36Z,highest-temperature-in-houston-on-august-13-2026,houston,2026-08-13,1,NO,96-97°F,0.56,17.86,10.0,0.22,36.0,94-95°F,won,17.86,7.64,2026-08-14T13:41:21Z,mo_rong
2026-08-13T13:45:54Z,highest-temperature-in-hong-kong-on-august-15-2026,hong-kong,2026-08-15,2,NO,31°C,0.74,13.51,10.0,0.13,31.5,32°C,lost,0.0,-10.13,2026-08-17T13:07:02Z,goc
2026-08-13T13:45:54Z,highest-temperature-in-guangzhou-on-august-15-2026,guangzhou,2026-08-15,2,NO,34°C,0.73,13.7,10.0,0.135,34.0,35°C,won,13.7,3.56,2026-08-16T02:01:24Z,goc
2026-08-13T13:45:54Z,highest-temperature-in-london-on-august-15-2026,london,2026-08-15,2,NO,27°C,0.72,13.89,10.0,0.14,26.8,26°C,won,13.89,3.75,2026-08-16T13:02:04Z,goc
2026-08-13T13:45:54Z,highest-temperature-in-ankara-on-august-15-2026,ankara,2026-08-15,2,NO,26°C,0.72,13.89,10.0,0.14,25.9,27°C,lost,0.0,-10.14,2026-08-16T02:01:24Z,goc
2026-08-13T13:45:54Z,highest-temperature-in-warsaw-on-august-15-2026,warsaw,2026-08-15,2,NO,31°C,0.71,14.08,10.0,0.145,30.7,30°C,won,14.08,3.94,2026-08-16T13:02:04Z,goc
2026-08-13T13:45:54Z,highest-temperature-in-beijing-on-august-15-2026,beijing,2026-08-15,2,NO,31°C,0.72,13.89,10.0,0.14,31.2,32°C,won,13.89,3.75,2026-08-16T02:01:24Z,mo_rong
2026-08-13T13:45:54Z,highest-temperature-in-singapore-on-august-15-2026,singapore,2026-08-15,2,NO,33°C,0.66,15.15,10.0,0.17,32.8,32°C,lost,0.0,-10.17,2026-08-16T02:01:24Z,mo_rong
2026-08-14T02:47:24Z,highest-temperature-in-sao-paulo-on-august-15-2026,sao-paulo,2026-08-15,2,NO,25°C,0.74,13.51,10.0,0.13,25.4,26°C,won,13.51,3.38,2026-08-16T13:02:04Z,goc
2026-08-14T02:47:24Z,highest-temperature-in-buenos-aires-on-august-14-2026,buenos-aires,2026-08-14,1,NO,13°C,0.74,13.51,10.0,0.13,12.8,14°C,won,13.51,3.38,2026-08-15T12:56:55Z,goc
2026-08-14T02:47:24Z,highest-temperature-in-paris-on-august-15-2026,paris,2026-08-15,1,NO,34°C,0.73,13.7,10.0,0.135,33.5,33°C,won,13.7,3.56,2026-08-16T02:01:24Z,goc
2026-08-14T02:47:24Z,highest-temperature-in-wuhan-on-august-15-2026,wuhan,2026-08-15,1,NO,30°C,0.73,13.7,10.0,0.135,30.2,31°C,won,13.7,3.56,2026-08-16T02:01:24Z,goc
2026-08-14T02:47:24Z,highest-temperature-in-shenzhen-on-august-15-2026,shenzhen,2026-08-15,1,NO,33°C,0.71,14.08,10.0,0.145,33.3,32°C,won,14.08,3.94,2026-08-16T02:01:24Z,goc
2026-08-14T02:47:24Z,highest-temperature-in-toronto-on-august-15-2026,toronto,2026-08-15,2,NO,25°C,0.71,14.08,10.0,0.145,25.4,26°C,won,14.08,3.94,2026-08-16T13:02:04Z,mo_rong
2026-08-14T02:47:24Z,highest-temperature-in-tokyo-on-august-15-2026,tokyo,2026-08-15,1,NO,30°C,0.66,15.15,10.0,0.17,30.0,29°C,won,15.15,4.98,2026-08-16T02:01:24Z,mo_rong
2026-08-14T02:47:24Z,highest-temperature-in-moscow-on-august-15-2026,moscow,2026-08-15,1,NO,19°C,0.67,14.93,10.0,0.1651,18.9,20°C,won,14.93,4.76,2026-08-16T02:01:24Z,mo_rong
2026-08-14T02:47:24Z,highest-temperature-in-los-angeles-on-august-15-2026,los-angeles,2026-08-15,2,NO,74-75°F,0.65,15.38,10.0,0.1749,23.4,76-77°F,won,15.38,5.21,2026-08-16T13:02:04Z,mo_rong
2026-08-14T02:47:24Z,highest-temperature-in-toronto-on-august-14-2026,toronto,2026-08-14,1,NO,28°C,0.64,15.62,10.0,0.1799,28.2,27°C,won,15.62,5.44,2026-08-15T12:56:55Z,mo_rong
2026-08-14T13:41:21Z,highest-temperature-in-manila-on-august-16-2026,manila,2026-08-16,2,NO,29°C,0.73,13.7,10.0,0.135,29.3,30°C,won,13.7,3.56,2026-08-17T01:58:05Z,goc
2026-08-14T13:41:21Z,highest-temperature-in-taipei-on-august-16-2026,taipei,2026-08-16,2,NO,34°C,0.71,14.08,10.0,0.145,33.9,35°C,won,14.08,3.94,2026-08-17T01:58:05Z,mo_rong
2026-08-14T13:41:21Z,highest-temperature-in-chongqing-on-august-16-2026,chongqing,2026-08-16,2,NO,37°C,0.7,14.29,10.0,0.15,37.2,38°C,lost,0.0,-10.15,2026-08-17T01:58:05Z,mo_rong
2026-08-14T13:41:21Z,highest-temperature-in-tokyo-on-august-16-2026,tokyo,2026-08-16,2,NO,29°C,0.68,14.71,10.0,0.16,29.2,30°C,won,14.71,4.55,2026-08-17T01:58:05Z,mo_rong
2026-08-14T13:41:21Z,highest-temperature-in-paris-on-august-16-2026,paris,2026-08-16,2,NO,29°C,0.67,14.93,10.0,0.1651,29.3,30°C,won,14.93,4.76,2026-08-17T01:58:05Z,mo_rong
2026-08-14T13:41:21Z,highest-temperature-in-panama-city-on-august-14-2026,panama-city,2026-08-14,1,NO,32°C,0.66,15.15,10.0,0.17,31.6,33°C,won,15.15,4.98,2026-08-15T12:56:55Z,mo_rong
2026-08-14T13:41:21Z,highest-temperature-in-milan-on-august-15-2026,milan,2026-08-15,1,NO,35°C,0.62,16.13,10.0,0.19,34.8,34°C,won,16.13,5.94,2026-08-16T13:02:04Z,mo_rong
2026-08-15T01:53:48Z,highest-temperature-in-amsterdam-on-august-16-2026,amsterdam,2026-08-16,1,NO,22°C,0.68,14.71,10.0,0.16,22.1,23°C,won,14.71,4.55,2026-08-17T13:07:02Z,mo_rong
2026-08-15T01:53:48Z,highest-temperature-in-lucknow-on-august-16-2026,lucknow,2026-08-16,1,NO,32°C,0.65,15.38,10.0,0.1749,32.2,31°C,won,15.38,5.21,2026-08-17T01:58:05Z,mo_rong
2026-08-15T01:53:48Z,highest-temperature-in-nyc-on-august-15-2026,nyc,2026-08-15,1,NO,84-85°F,0.63,15.87,10.0,0.185,28.9,82-83°F,lost,0.0,-10.19,2026-08-16T13:02:04Z,mo_rong
2026-08-15T01:53:48Z,highest-temperature-in-mexico-city-on-august-15-2026,mexico-city,2026-08-15,1,NO,27°C,0.63,15.87,10.0,0.185,27.2,26°C,won,15.87,5.68,2026-08-16T13:02:04Z,mo_rong
2026-08-15T01:53:48Z,highest-temperature-in-milan-on-august-16-2026,milan,2026-08-16,1,NO,34°C,0.63,15.87,10.0,0.185,34.5,35°C,won,15.87,5.68,2026-08-17T13:07:02Z,mo_rong
2026-08-16T02:01:24Z,highest-temperature-in-seattle-on-august-16-2026,seattle,2026-08-16,1,NO,74-75°F,0.72,13.89,10.0,0.14,23.6,76-77°F,lost,0.0,-10.14,2026-08-17T13:07:02Z,goc
2026-08-16T02:01:24Z,highest-temperature-in-tokyo-on-august-17-2026,tokyo,2026-08-17,1,NO,29°C,0.74,13.51,10.0,0.13,29.2,30°C,lost,0.0,-10.13,2026-08-18T01:54:59Z,goc
2026-08-16T02:01:24Z,highest-temperature-in-chengdu-on-august-17-2026,chengdu,2026-08-17,1,NO,27°C,0.74,13.51,10.0,0.13,27.2,28°C,lost,0.0,-10.13,2026-08-18T01:54:59Z,goc
2026-08-16T02:01:24Z,highest-temperature-in-shanghai-on-august-17-2026,shanghai,2026-08-17,1,NO,30°C,0.72,13.89,10.0,0.14,30.0,31°C,won,13.89,3.75,2026-08-18T01:54:59Z,goc
2026-08-16T02:01:24Z,highest-temperature-in-manila-on-august-17-2026,manila,2026-08-17,1,NO,28°C,0.71,14.08,10.0,0.145,28.4,29°C,won,14.08,3.94,2026-08-18T01:54:59Z,goc
2026-08-16T02:01:24Z,highest-temperature-in-milan-on-august-17-2026,milan,2026-08-17,1,NO,33°C,0.7,14.29,10.0,0.15,32.8,32°C,won,14.29,4.14,2026-08-18T13:09:05Z,mo_rong
2026-08-16T02:01:24Z,highest-temperature-in-hong-kong-on-august-17-2026,hong-kong,2026-08-17,1,NO,32°C,0.7,14.29,10.0,0.15,32.1,33°C,lost,0.0,-10.15,2026-08-18T13:09:05Z,mo_rong
2026-08-16T02:01:24Z,highest-temperature-in-san-francisco-on-august-16-2026,san-francisco,2026-08-16,1,NO,72-73°F,0.68,14.71,10.0,0.16,22.7,70-71°F,won,14.71,4.55,2026-08-17T13:07:02Z,mo_rong
2026-08-16T02:01:24Z,highest-temperature-in-london-on-august-17-2026,london,2026-08-17,1,NO,27°C,0.68,14.71,10.0,0.16,27.2,26°C,lost,0.0,-10.16,2026-08-18T01:54:59Z,mo_rong
2026-08-16T02:01:24Z,highest-temperature-in-ankara-on-august-17-2026,ankara,2026-08-17,1,NO,27°C,0.69,14.49,10.0,0.155,27.2,28°C,lost,0.0,-10.15,2026-08-18T01:54:59Z,mo_rong
2026-08-16T13:02:04Z,highest-temperature-in-shenzhen-on-august-18-2026,shenzhen,2026-08-18,2,NO,32°C,0.74,13.51,10.0,0.13,31.5,31°C,won,13.51,3.38,2026-08-19T01:57:23Z,goc
2026-08-16T13:02:04Z,highest-temperature-in-beijing-on-august-18-2026,beijing,2026-08-18,2,NO,30°C,0.73,13.7,10.0,0.135,30.4,31°C,won,13.7,3.56,2026-08-19T01:57:23Z,goc
2026-08-16T13:02:04Z,highest-temperature-in-kuala-lumpur-on-august-18-2026,kuala-lumpur,2026-08-18,2,NO,32°C,0.72,13.89,10.0,0.14,31.5,33°C,won,13.89,3.75,2026-08-19T01:57:23Z,goc
2026-08-16T13:02:04Z,highest-temperature-in-houston-on-august-17-2026,houston,2026-08-17,1,NO,98-99°F,0.68,14.71,10.0,0.16,36.9,96-97°F,won,14.71,4.55,2026-08-18T13:09:05Z,mo_rong
2026-08-16T13:02:04Z,highest-temperature-in-ankara-on-august-18-2026,ankara,2026-08-18,2,NO,29°C,0.68,14.71,10.0,0.16,29.0,30°C,won,14.71,4.55,2026-08-19T01:57:23Z,mo_rong
2026-08-16T13:02:04Z,highest-temperature-in-wuhan-on-august-18-2026,wuhan,2026-08-18,2,NO,34°C,0.68,14.71,10.0,0.16,34.0,35°C,won,14.71,4.55,2026-08-19T01:57:23Z,mo_rong
2026-08-16T13:02:04Z,highest-temperature-in-toronto-on-august-16-2026,toronto,2026-08-16,1,NO,25°C,0.67,14.93,10.0,0.1651,25.4,26°C,won,14.93,4.76,2026-08-17T13:07:02Z,mo_rong
2026-08-16T13:02:04Z,highest-temperature-in-chongqing-on-august-17-2026,chongqing,2026-08-17,1,NO,37°C,0.69,14.49,10.0,0.155,37.2,38°C,won,14.49,4.33,2026-08-18T01:54:59Z,mo_rong
2026-08-16T13:02:04Z,highest-temperature-in-nyc-on-august-17-2026,nyc,2026-08-17,1,NO,82-83°F,0.67,14.93,10.0,0.1651,27.6,84-85°F,won,14.93,4.76,2026-08-18T13:09:05Z,mo_rong
2026-08-16T13:02:04Z,highest-temperature-in-moscow-on-august-18-2026,moscow,2026-08-18,2,NO,22°C,0.67,14.93,10.0,0.1651,21.8,23°C,lost,0.0,-10.17,2026-08-19T01:57:23Z,mo_rong
2026-08-17T01:58:05Z,highest-temperature-in-austin-on-august-17-2026,austin,2026-08-17,1,NO,100-101°F,0.74,13.51,10.0,0.13,38.6,102-103°F,won,13.51,3.38,2026-08-18T13:09:05Z,goc
2026-08-17T01:58:05Z,highest-temperature-in-chengdu-on-august-18-2026,chengdu,2026-08-18,1,NO,23°C,0.74,13.51,10.0,0.13,23.2,24°C,lost,0.0,-10.13,2026-08-19T01:57:23Z,goc
2026-08-17T01:58:05Z,highest-temperature-in-lucknow-on-august-18-2026,lucknow,2026-08-18,1,NO,30°C,0.74,13.51,10.0,0.13,30.2,31°C,won,13.51,3.38,2026-08-19T01:57:23Z,goc
2026-08-17T01:58:05Z,highest-temperature-in-munich-on-august-18-2026,munich,2026-08-18,1,NO,21°C,0.72,13.89,10.0,0.14,21.1,22°C,won,13.89,3.75,2026-08-19T01:57:23Z,goc
2026-08-17T01:58:05Z,highest-temperature-in-panama-city-on-august-17-2026,panama-city,2026-08-17,1,NO,29°C,0.74,13.51,10.0,0.13,29.1,30°C,won,13.51,3.38,2026-08-18T13:09:05Z,goc
2026-08-17T01:58:05Z,highest-temperature-in-tokyo-on-august-18-2026,tokyo,2026-08-18,1,NO,30°C,0.65,15.38,10.0,0.1749,29.6,31°C,won,15.38,5.21,2026-08-19T01:57:23Z,mo_rong
2026-08-17T13:07:02Z,highest-temperature-in-munich-on-august-19-2026,munich,2026-08-19,2,NO,27°C,0.74,13.51,10.0,0.13,27.1,28°C,won,13.51,3.38,2026-08-20T01:53:52Z,goc
2026-08-17T13:07:02Z,highest-temperature-in-singapore-on-august-19-2026,singapore,2026-08-19,2,NO,31°C,0.73,13.7,10.0,0.135,30.6,32°C,won,13.7,3.56,2026-08-20T01:53:52Z,goc
2026-08-17T13:07:02Z,highest-temperature-in-toronto-on-august-18-2026,toronto,2026-08-18,1,NO,28°C,0.71,14.08,10.0,0.145,28.1,27°C,won,14.08,3.94,2026-08-19T13:09:44Z,goc
2026-08-17T13:07:02Z,highest-temperature-in-buenos-aires-on-august-18-2026,buenos-aires,2026-08-18,1,NO,13°C,0.71,14.08,10.0,0.145,13.1,14°C,won,14.08,3.94,2026-08-19T13:09:44Z,mo_rong
2026-08-17T13:07:02Z,highest-temperature-in-qingdao-on-august-19-2026,qingdao,2026-08-19,2,NO,30°C,0.69,14.49,10.0,0.155,30.0,31°C,won,14.49,4.33,2026-08-20T01:53:52Z,mo_rong
2026-08-17T13:07:02Z,highest-temperature-in-mexico-city-on-august-18-2026,mexico-city,2026-08-18,1,NO,25°C,0.66,15.15,10.0,0.17,25.3,26°C,won,15.15,4.98,2026-08-19T13:09:44Z,mo_rong
2026-08-18T01:54:59Z,highest-temperature-in-chicago-on-august-18-2026,chicago,2026-08-18,1,NO,82-83°F,0.73,13.7,10.0,0.135,27.7,80-81°F,won,13.7,3.56,2026-08-19T13:09:44Z,goc
2026-08-18T01:54:59Z,highest-temperature-in-helsinki-on-august-19-2026,helsinki,2026-08-19,1,NO,20°C,0.74,13.51,10.0,0.13,20.5,21°C,lost,0.0,-10.13,2026-08-20T01:53:52Z,goc
2026-08-18T01:54:59Z,highest-temperature-in-sao-paulo-on-august-18-2026,sao-paulo,2026-08-18,1,NO,30°C,0.73,13.7,10.0,0.135,29.8,31°C,won,13.7,3.56,2026-08-19T13:09:44Z,mo_rong
2026-08-18T01:54:59Z,highest-temperature-in-dallas-on-august-18-2026,dallas,2026-08-18,1,NO,106-107°F,0.71,14.08,10.0,0.145,41.0,104-105°F,won,14.08,3.94,2026-08-19T13:09:44Z,mo_rong
2026-08-18T01:54:59Z,highest-temperature-in-denver-on-august-18-2026,denver,2026-08-18,1,NO,92-93°F,0.72,13.89,10.0,0.14,33.9,90-91°F,won,13.89,3.75,2026-08-19T13:09:44Z,mo_rong
2026-08-18T01:54:59Z,highest-temperature-in-london-on-august-19-2026,london,2026-08-19,1,NO,23°C,0.7,14.29,10.0,0.15,23.1,24°C,won,14.29,4.14,2026-08-20T01:53:52Z,mo_rong
2026-08-18T01:54:59Z,highest-temperature-in-nyc-on-august-18-2026,nyc,2026-08-18,1,NO,86-87°F,0.67,14.93,10.0,0.1651,30.2,84-85°F,won,14.93,4.76,2026-08-19T13:09:44Z,mo_rong
2026-08-18T01:54:59Z,highest-temperature-in-lucknow-on-august-19-2026,lucknow,2026-08-19,1,NO,32°C,0.67,14.93,10.0,0.1651,32.0,33°C,lost,0.0,-10.17,2026-08-20T01:53:52Z,mo_rong
2026-08-18T01:54:59Z,highest-temperature-in-austin-on-august-18-2026,austin,2026-08-18,1,NO,100-101°F,0.64,15.62,10.0,0.1799,37.6,102-103°F,lost,0.0,-10.18,2026-08-19T13:09:44Z,mo_rong
2026-08-18T01:54:59Z,highest-temperature-in-milan-on-august-19-2026,milan,2026-08-19,1,NO,32°C,0.64,15.62,10.0,0.1799,32.1,33°C,lost,0.0,-10.18,2026-08-20T01:53:52Z,mo_rong
2026-08-18T13:09:05Z,highest-temperature-in-san-francisco-on-august-19-2026,san-francisco,2026-08-19,1,NO,72-73°F,0.73,13.7,10.0,0.135,22.8,70-71°F,won,13.7,3.56,2026-08-20T13:12:01Z,goc
2026-08-18T13:09:05Z,highest-temperature-in-toronto-on-august-19-2026,toronto,2026-08-19,1,NO,25°C,0.73,13.7,10.0,0.135,25.2,26°C,won,13.7,3.56,2026-08-20T13:12:01Z,goc
2026-08-18T13:09:05Z,highest-temperature-in-chicago-on-august-19-2026,chicago,2026-08-19,1,NO,80-81°F,0.73,13.7,10.0,0.135,27.3,78-79°F,won,13.7,3.56,2026-08-20T13:12:01Z,goc
2026-08-18T13:09:05Z,highest-temperature-in-wuhan-on-august-20-2026,wuhan,2026-08-20,2,NO,34°C,0.72,13.89,10.0,0.14,33.6,35°C,won,13.89,3.75,2026-08-21T02:02:23Z,goc
2026-08-18T13:09:05Z,highest-temperature-in-warsaw-on-august-20-2026,warsaw,2026-08-20,2,NO,23°C,0.71,14.08,10.0,0.145,23.2,24°C,won,14.08,3.94,2026-08-21T02:02:23Z,mo_rong
2026-08-18T13:09:05Z,highest-temperature-in-nyc-on-august-19-2026,nyc,2026-08-19,1,NO,88-89°F,0.69,14.49,10.0,0.155,31.0,86-87°F,won,14.49,4.33,2026-08-20T13:12:01Z,mo_rong
2026-08-18T13:09:05Z,highest-temperature-in-chongqing-on-august-20-2026,chongqing,2026-08-20,2,NO,32°C,0.69,14.49,10.0,0.155,32.0,33°C,won,14.49,4.33,2026-08-21T02:02:23Z,mo_rong
2026-08-18T13:09:05Z,highest-temperature-in-atlanta-on-august-19-2026,atlanta,2026-08-19,1,NO,96-97°F,0.65,15.38,10.0,0.1749,35.4,94-95°F,won,15.38,5.21,2026-08-20T13:12:01Z,mo_rong
2026-08-18T13:09:05Z,highest-temperature-in-paris-on-august-20-2026,paris,2026-08-20,2,NO,25°C,0.63,15.87,10.0,0.185,25.4,24°C,won,15.87,5.68,2026-08-21T02:02:23Z,mo_rong
2026-08-18T13:09:05Z,highest-temperature-in-denver-on-august-19-2026,denver,2026-08-19,1,NO,90-91°F,0.61,16.39,10.0,0.195,32.9,88-89°F,lost,0.0,-10.2,2026-08-20T13:12:01Z,mo_rong
2026-08-19T01:57:23Z,highest-temperature-in-lucknow-on-august-20-2026,lucknow,2026-08-20,1,NO,34°C,0.74,13.51,10.0,0.13,33.5,33°C,won,13.51,3.38,2026-08-21T02:02:23Z,goc
2026-08-19T01:57:23Z,highest-temperature-in-austin-on-august-19-2026,austin,2026-08-19,1,NO,100-101°F,0.71,14.08,10.0,0.145,38.1,102-103°F,won,14.08,3.94,2026-08-20T13:12:01Z,goc
2026-08-19T01:57:23Z,highest-temperature-in-houston-on-august-19-2026,houston,2026-08-19,1,NO,98-99°F,0.7,14.29,10.0,0.15,36.7,96-97°F,won,14.29,4.14,2026-08-20T13:12:01Z,mo_rong
2026-08-19T01:57:23Z,highest-temperature-in-london-on-august-20-2026,london,2026-08-20,1,NO,23°C,0.66,15.15,10.0,0.17,22.9,22°C,won,15.15,4.98,2026-08-21T02:02:23Z,mo_rong
2026-08-19T01:57:23Z,highest-temperature-in-amsterdam-on-august-20-2026,amsterdam,2026-08-20,1,NO,20°C,0.67,14.93,10.0,0.1651,20.4,21°C,won,14.93,4.76,2026-08-21T02:02:23Z,mo_rong
2026-08-19T01:57:23Z,highest-temperature-in-moscow-on-august-20-2026,moscow,2026-08-20,1,NO,22°C,0.68,14.71,10.0,0.16,22.3,21°C,lost,0.0,-10.16,2026-08-21T02:02:23Z,mo_rong
2026-08-19T01:57:23Z,highest-temperature-in-ankara-on-august-20-2026,ankara,2026-08-20,1,NO,30°C,0.61,16.39,10.0,0.195,29.8,31°C,won,16.39,6.2,2026-08-21T02:02:23Z,mo_rong
2026-08-19T13:09:44Z,highest-temperature-in-chicago-on-august-20-2026,chicago,2026-08-20,1,NO,80-81°F,0.73,13.7,10.0,0.135,26.4,78-79°F,won,13.7,3.56,2026-08-21T13:11:09Z,goc
2026-08-19T13:09:44Z,highest-temperature-in-san-francisco-on-august-20-2026,san-francisco,2026-08-20,1,NO,70-71°F,0.71,14.08,10.0,0.145,21.8,68-69°F,won,14.08,3.94,2026-08-21T13:11:09Z,goc
2026-08-19T13:09:44Z,highest-temperature-in-tokyo-on-august-21-2026,tokyo,2026-08-21,2,NO,30°C,0.73,13.7,10.0,0.135,30.5,31°C,open,,,,goc
2026-08-19T13:09:44Z,highest-temperature-in-houston-on-august-20-2026,houston,2026-08-20,1,NO,100-101°F,0.71,14.08,10.0,0.145,38.1,98-99°F,won,14.08,3.94,2026-08-21T13:11:09Z,mo_rong
2026-08-19T13:09:44Z,highest-temperature-in-shanghai-on-august-21-2026,shanghai,2026-08-21,2,NO,30°C,0.71,14.08,10.0,0.145,29.7,31°C,open,,,,mo_rong
2026-08-19T13:09:44Z,highest-temperature-in-singapore-on-august-21-2026,singapore,2026-08-21,2,NO,32°C,0.74,13.51,10.0,0.13,32.3,33°C,open,,,,mo_rong
2026-08-19T13:09:44Z,highest-temperature-in-jeddah-on-august-21-2026,jeddah,2026-08-21,2,NO,38°C,0.73,13.7,10.0,0.135,37.8,37°C,open,,,,mo_rong
2026-08-19T13:09:44Z,highest-temperature-in-moscow-on-august-21-2026,moscow,2026-08-21,2,NO,22°C,0.69,14.49,10.0,0.155,22.2,23°C,open,,,,mo_rong
2026-08-19T13:09:44Z,highest-temperature-in-toronto-on-august-20-2026,toronto,2026-08-20,1,NO,26°C,0.67,14.93,10.0,0.1651,25.5,25°C,won,14.93,4.76,2026-08-21T13:11:09Z,mo_rong
2026-08-19T13:09:44Z,highest-temperature-in-wellington-on-august-21-2026,wellington,2026-08-21,1,NO,13°C,0.65,15.38,10.0,0.1749,13.4,14°C,open,,,,mo_rong
2026-08-20T01:53:52Z,highest-temperature-in-milan-on-august-21-2026,milan,2026-08-21,1,NO,24°C,0.74,13.51,10.0,0.13,23.8,23°C,open,,,,goc
2026-08-20T01:53:52Z,highest-temperature-in-paris-on-august-21-2026,paris,2026-08-21,1,NO,24°C,0.74,13.51,10.0,0.13,23.8,23°C,open,,,,goc
2026-08-20T01:53:52Z,highest-temperature-in-qingdao-on-august-21-2026,qingdao,2026-08-21,1,NO,29°C,0.74,13.51,10.0,0.13,29.2,30°C,open,,,,goc
2026-08-20T01:53:52Z,highest-temperature-in-panama-city-on-august-20-2026,panama-city,2026-08-20,1,NO,32°C,0.72,13.89,10.0,0.14,31.8,33°C,won,13.89,3.75,2026-08-21T13:11:09Z,goc
2026-08-20T01:53:52Z,highest-temperature-in-hong-kong-on-august-21-2026,hong-kong,2026-08-21,1,NO,29°C,0.71,14.08,10.0,0.145,29.4,30°C,open,,,,mo_rong
2026-08-20T01:53:52Z,highest-temperature-in-cape-town-on-august-21-2026,cape-town,2026-08-21,1,NO,22°C,0.71,14.08,10.0,0.145,21.6,21°C,open,,,,mo_rong
2026-08-20T01:53:52Z,highest-temperature-in-denver-on-august-20-2026,denver,2026-08-20,1,NO,94-95°F,0.67,14.93,10.0,0.1651,34.4,92-93°F,won,14.93,4.76,2026-08-21T13:11:09Z,mo_rong
2026-08-20T01:53:52Z,highest-temperature-in-london-on-august-21-2026,london,2026-08-21,1,NO,22°C,0.65,15.38,10.0,0.1749,21.6,21°C,open,,,,mo_rong
2026-08-20T01:53:52Z,highest-temperature-in-manila-on-august-21-2026,manila,2026-08-21,1,NO,31°C,0.64,15.62,10.0,0.1799,30.6,32°C,open,,,,mo_rong
2026-08-20T13:12:01Z,highest-temperature-in-seattle-on-august-21-2026,seattle,2026-08-21,1,NO,82-83°F,0.74,13.51,10.0,0.13,27.7,80-81°F,open,,,,goc
2026-08-20T13:12:01Z,highest-temperature-in-mexico-city-on-august-21-2026,mexico-city,2026-08-21,1,NO,25°C,0.73,13.7,10.0,0.135,25.1,26°C,open,,,,goc
2026-08-20T13:12:01Z,highest-temperature-in-munich-on-august-22-2026,munich,2026-08-22,2,NO,21°C,0.72,13.89,10.0,0.14,20.6,22°C,open,,,,goc
2026-08-20T13:12:01Z,highest-temperature-in-houston-on-august-21-2026,houston,2026-08-21,1,NO,100-101°F,0.72,13.89,10.0,0.14,37.8,98-99°F,open,,,,goc
2026-08-20T13:12:01Z,highest-temperature-in-dallas-on-august-21-2026,dallas,2026-08-21,1,NO,106-107°F,0.72,13.89,10.0,0.14,41.4,104-105°F,open,,,,mo_rong
2026-08-20T13:12:01Z,highest-temperature-in-milan-on-august-22-2026,milan,2026-08-22,2,NO,29°C,0.69,14.49,10.0,0.155,28.6,28°C,open,,,,mo_rong
2026-08-20T13:12:01Z,highest-temperature-in-shanghai-on-august-22-2026,shanghai,2026-08-22,2,NO,30°C,0.67,14.93,10.0,0.1651,29.6,31°C,open,,,,mo_rong
2026-08-20T13:12:01Z,highest-temperature-in-wellington-on-august-22-2026,wellington,2026-08-22,1,NO,14°C,0.68,14.71,10.0,0.16,14.0,15°C,open,,,,mo_rong
2026-08-20T13:12:01Z,highest-temperature-in-madrid-on-august-22-2026,madrid,2026-08-22,2,NO,33°C,0.65,15.38,10.0,0.1749,33.3,34°C,open,,,,mo_rong
2026-08-21T02:02:23Z,highest-temperature-in-chicago-on-august-21-2026,chicago,2026-08-21,1,NO,78-79°F,0.74,13.51,10.0,0.13,26.2,80-81°F,open,,,,goc
2026-08-21T02:02:23Z,highest-temperature-in-nyc-on-august-21-2026,nyc,2026-08-21,1,NO,80-81°F,0.72,13.89,10.0,0.14,26.6,78-79°F,open,,,,goc
2026-08-21T02:02:23Z,highest-temperature-in-miami-on-august-21-2026,miami,2026-08-21,1,NO,90-91°F,0.73,13.7,10.0,0.135,32.3,92-93°F,open,,,,goc
2026-08-21T02:02:23Z,highest-temperature-in-shenzhen-on-august-22-2026,shenzhen,2026-08-22,1,NO,31°C,0.73,13.7,10.0,0.135,31.3,32°C,open,,,,mo_rong
2026-08-21T02:02:23Z,highest-temperature-in-karachi-on-august-22-2026,karachi,2026-08-22,1,NO,31°C,0.71,14.08,10.0,0.145,31.3,32°C,open,,,,mo_rong
2026-08-21T02:02:23Z,highest-temperature-in-sao-paulo-on-august-21-2026,sao-paulo,2026-08-21,1,NO,26°C,0.71,14.08,10.0,0.145,26.3,25°C,open,,,,mo_rong
2026-08-21T02:02:23Z,highest-temperature-in-los-angeles-on-august-22-2026,los-angeles,2026-08-22,2,NO,82-83°F,0.71,14.08,10.0,0.145,28.2,80-81°F,open,,,,mo_rong
2026-08-21T02:02:23Z,highest-temperature-in-helsinki-on-august-22-2026,helsinki,2026-08-22,1,NO,18°C,0.66,15.15,10.0,0.17,17.6,19°C,open,,,,mo_rong
2026-08-21T13:11:09Z,highest-temperature-in-busan-on-august-23-2026,busan,2026-08-23,2,NO,33°C,0.73,13.7,10.0,0.135,33.1,34°C,open,,,,goc
2026-08-21T13:11:09Z,highest-temperature-in-amsterdam-on-august-23-2026,amsterdam,2026-08-23,2,NO,19°C,0.73,13.7,10.0,0.135,19.3,20°C,open,,,,goc
2026-08-21T13:11:09Z,highest-temperature-in-karachi-on-august-23-2026,karachi,2026-08-23,2,NO,31°C,0.73,13.7,10.0,0.135,30.8,32°C,open,,,,mo_rong
2026-08-21T13:11:09Z,highest-temperature-in-london-on-august-23-2026,london,2026-08-23,2,NO,23°C,0.71,14.08,10.0,0.145,23.3,24°C,open,,,,mo_rong
2026-08-21T13:11:09Z,highest-temperature-in-paris-on-august-23-2026,paris,2026-08-23,2,NO,23°C,0.7,14.29,10.0,0.15,23.0,24°C,open,,,,mo_rong
2026-08-21T13:11:09Z,highest-temperature-in-tokyo-on-august-23-2026,tokyo,2026-08-23,2,NO,30°C,0.71,14.08,10.0,0.145,29.6,31°C,open,,,,mo_rong
2026-08-21T13:11:09Z,highest-temperature-in-ankara-on-august-23-2026,ankara,2026-08-23,2,NO,34°C,0.6,16.67,10.0,0.2,34.0,35°C,open,,,,mo_rong
